published_date,category,collection,title,url,discovery_sources,sitemap_lastmod,http_status,final_url,author,tags,word_count,body_blocks,content_sha256,error
2017-12-04,Candles,new-blog,My Favorite Candles of the Year,https://www.downsstyle.com/new-blog/2017/12/4/my-favorite-candles-of-the-year,collection:new-blog;sitemap,2018-03-08,200,https://www.downsstyle.com/new-blog/2017/12/4/my-favorite-candles-of-the-year,Chas Downs,candle heaven;candle junkie;candles;luxury candles;luxury scents;scents,262,3,00b12aac0ab58802cb84d7697215101e5965421fe5d9b5f6a26fd0753c0e516c,
2017-12-04,Look Book,look-book,Fall LookBook,https://www.downsstyle.com/look-book/2017/12/4/fall-lookbook,collection:look-book;sitemap,2017-12-06,200,https://www.downsstyle.com/look-book/2017/12/4/fall-lookbook,Chas Downs,,77,2,ee2ed1e0c22fddea573ce40cae0a98acbc41fc79fe2e9bc61de1747aec50dcc4,
2017-12-04,Look Book,look-book,Summer Bathing Suits Lookbook,https://www.downsstyle.com/look-book/2017/12/4/2if6pau0jpto2kiixkd3qj0y0bi83z,collection:look-book;sitemap,2018-07-15,200,https://www.downsstyle.com/look-book/2017/12/4/2if6pau0jpto2kiixkd3qj0y0bi83z,Chas Downs,,145,3,0092af1f7c4547918a5cd323c4d05f32460e44b42b6d46b571de6a119c588f06,
2017-12-04,Masks,masks,GlamGlow Masks,https://www.downsstyle.com/masks/2017/12/4/glamglow-masks,collection:masks;sitemap,2018-01-22,200,https://www.downsstyle.com/masks/2017/12/4/glamglow-masks,Chas Downs,,360,2,6b516b5428b60577be23309fd9ebe01278caf1d7d9e4555d6fecb58535c669e8,
2017-12-04,Masks,masks,Sisley Masks Review,https://www.downsstyle.com/masks/2017/12/4/sisley-masks,collection:masks;sitemap,2018-09-03,200,https://www.downsstyle.com/masks/2017/12/4/sisley-masks,Chas Downs,beauty;best luxury masks;do masks work;is sisley skincare worth it;mask;should i buy sisley skincare;should i buy the sisley tropical resins mask;sisley black rose cream mask review;sisley skincare benefits;sisley tropical resins benefits;sisley tropical resins mask review;skincare benefits from masks,410,1,f02e1b6eea8d4e3022110fc51dd1c5647f708edcb430a99bfd03f554916a2e87,
2017-12-05,Interior Design,new-blog-1,House Warming Shopping Guide,https://www.downsstyle.com/new-blog-1/2017/12/5/house-warming-shopping-guide,collection:new-blog-1;homepage;sitemap,2021-06-19,200,https://www.downsstyle.com/new-blog-1/2017/12/5/house-warming-shopping-guide,Chas Downs,cute interior design;furniture;house warming;house warming guide;interior design;interior design goals,140,3,e7de4cdbeb951c8d5f0e5c711e2e3d3698b7e10e89a269f32df3cd37f392c57d,
2017-12-05,Interior Design,new-blog-1,My Room,https://www.downsstyle.com/new-blog-1/2017/12/5/my-room,collection:new-blog-1;homepage;sitemap,2018-03-08,200,https://www.downsstyle.com/new-blog-1/2017/12/5/my-room,Chas Downs,house goals;house tour;house warming;tour of my house;tour of my room,139,1,38f1e76b8ee5d8aaad0ff434bf2bea6dfa630176ddca1ae0d87683c2fe9c90db,
2017-12-05,Look Book,look-book,Cool Outfits,https://www.downsstyle.com/look-book/2017/12/5/cool-outfits,collection:look-book;sitemap,2018-09-03,200,https://www.downsstyle.com/look-book/2017/12/5/cool-outfits,Chas Downs,cool oufits 2018;cool outfit lookbook;cool outfits for back to school;cool outfits for winter;mens currated lookbook;mens fashion haul;mens lookbook;mens lookbook haul,68,2,959ec0e403d8b213f34b78358032e8970b2ba08f557725630dd1573ce1b50009,
2017-12-06,Workouts/Diet,workoutsdiet,Buy these things to begin your cute workout routine,https://www.downsstyle.com/workoutsdiet/2017/12/6/buy-these-things-to-begin-your-cute-workout-routine,collection:workoutsdiet;sitemap,2018-01-22,200,https://www.downsstyle.com/workoutsdiet/2017/12/6/buy-these-things-to-begin-your-cute-workout-routine,Chas Downs,,303,3,1659b6611ccc2be57eb3478b11648b9ddda617ca11fe0be57cbc17552b9d5cc6,
2017-12-11,Candles,new-blog,Holiday Scents I love,https://www.downsstyle.com/new-blog/2017/12/5/holiday-scents-i-love,collection:new-blog;sitemap,2018-01-22,200,https://www.downsstyle.com/new-blog/2017/12/5/holiday-scents-i-love,Chas Downs,,184,2,47a7fcbe377c929e9acd6a76032c9333e79af89ff42e07b1d473738843628212,
2017-12-11,Skincare,skincare,Glossier Skincare as Makeup?,https://www.downsstyle.com/skincare/2017/12/11/glossier-skincare-as-makeup,collection:skincare;sitemap,2018-02-20,200,https://www.downsstyle.com/skincare/2017/12/11/glossier-skincare-as-makeup,Chas Downs,,277,2,3144e825a0d36330f8bc79f3f3c697f2b9dea87c79e71ceebdf68350dde0bc49,
2017-12-11,Skincare,skincare,Sunday Riley,https://www.downsstyle.com/skincare/2017/12/11/sunday-riley,collection:skincare;sitemap,2018-09-03,200,https://www.downsstyle.com/skincare/2017/12/11/sunday-riley,Chas Downs,,421,2,8014e8c1b29fe02b191b9394b5e3b0f855e0f5ae51fef3ecc56f9ad1788264af,
2017-12-12,Look Book,look-book,"Raf Simons, a Fashion Inspo",https://www.downsstyle.com/look-book/2017/12/12/raf-simons-a-fashion-inspo,collection:look-book;sitemap,2018-06-13,200,https://www.downsstyle.com/look-book/2017/12/12/raf-simons-a-fashion-inspo,Chas Downs,adidas ozweego 2 x raf simons;adidas raf simons;adidas raf simons спустя год;fashion;raf;raf simons;raf simons (fashion designer);raf simons adidas;raf simons clothing;raf simons jumper;raf simons ozweego;raf simons ozweego 3;raf simons ozweego iii;raf simons shoes;raf simons sneakers;raf simons stan smith;simons;паленые raf simons;подделка или оригинал adidas raf simons,205,3,c97f9ad8f3681ec05891bbbe02b33c074d5b38042e43e75ad2dcc93e5aab0a45,
2017-12-12,Skincare,skincare,Farsali Drops,https://www.downsstyle.com/skincare/2017/12/12/farsali-drops,collection:skincare;sitemap,2018-10-29,200,https://www.downsstyle.com/skincare/2017/12/12/farsali-drops,Chas Downs,beauty;best skincare products;cheap moisturizer for acne;cheap moisturizer for normal skin;farsali 24kt gold beauty elixir;farsali 24kt gold beauty elixir review;farsali drops;farsali unicorn essense review;indie brand;indie brand serum reviews;indie brand skincaere;luxury serum;makeup lover;makeup review;masks;moisturizer;morning skincare routine;normal skincare routine;serum;serum review;toner,293,2,dfa6f20aa1497dd7b09cdb6f256ef4bd27044162b5255748013b55220cfbb38d,
2017-12-14,Skincare,skincare,Caudalie,https://www.downsstyle.com/skincare/2017/12/14/caudalie,collection:skincare;sitemap,2018-06-30,200,https://www.downsstyle.com/skincare/2017/12/14/caudalie,Chas Downs,,287,2,dab55bbf8b49b2c7c9c559bcafcc9c26b11e69fc86310d3488ed8ce25935f733,
2017-12-14,Skincare,skincare,Dior Addict Lip Scrub & Reviving Balm,https://www.downsstyle.com/skincare/2017/12/14/dior-lip-scrub,collection:skincare;sitemap,2018-03-12,200,https://www.downsstyle.com/skincare/2017/12/14/dior-lip-scrub,Chas Downs,chapstick;chapstick review;drug store chapstick;luxury chapstick;luxury face products;luxury lip balm that works;makeup lover;makeup review;product junkie;Sephora addict;sephora lover,199,2,989c49e9c417427e9a0330570463dd06143bc6c17e17accda44365ba546ab759,
2018-01-17,Look Book,look-book,New York LookBook,https://www.downsstyle.com/look-book/2018/1/17/new-york-lookbook,collection:look-book;sitemap,2018-06-13,200,https://www.downsstyle.com/look-book/2018/1/17/new-york-lookbook,Chas Downs,aesthetic lookbook;beauty;bikini lookbook;chanel;cool outfits;designer fashion;designer outfits;dior;dior outfits;eid lookbook;eid lookbook 2018;fashion;fashionweek;fendi;haul;haute couture;high fashion;hijab lookbook;lookbook;lookbook 2018;lookbook spring 2018;mens outfits;Milan fashion week;my style lookbook;newyorkfashionweek;night time outfit men;ootd;ootw;outfit goals;outfits;outfits for men;parisfashionweek;retro lookbook;spring;spring lookbook;spring lookbook 2018;style;summer;summer fashion;summer lookbook;summer lookbook 2018;summer outfits;trends;try on haul;versace,273,7,91f79eea0be073b1fb583df649ca1d9747324c5d16c2cb584eff25cb697ce182,
2018-01-17,Masks,masks,Fresh Rose Hydrating Mask,https://www.downsstyle.com/masks/2018/1/17/fresh-hydrating-mask,collection:masks;sitemap,2018-09-03,200,https://www.downsstyle.com/masks/2018/1/17/fresh-hydrating-mask,Chas Downs,are fresh face masks worth it;best fresh products;best luxury masks;best skincare lines;fresh hydrating mask review;fresh mask review;should i buy the fresh rose mask;skincare lines that work,160,2,f78e52720ee1bce3dae8650fe31be32f47abb3359e5d7b50fff6e50f732a2765,
2018-01-17,Masks,masks,Laneige Sleeping Mask,https://www.downsstyle.com/masks/2018/1/17/sleeping-mask,collection:masks;sitemap,2018-06-30,200,https://www.downsstyle.com/masks/2018/1/17/sleeping-mask,Chas Downs,chanel sleeping mask review;cheap luxury masks;cheap skincare that feels luxury;cheap skincare that works;cheap sleeping masks;good cheap skincare;is Laneige worth it;Laneige skincare;Laneige Sleeping Mask;skincare that works;sleeping mask that works;tatcha skincare review;tatcha sleeping mask review,122,2,6c6afb8b2545a31c08dfc8a33e082786983c34f7b019087442f74bd3c685f103,
2018-01-19,Skincare,skincare,Tatcha,https://www.downsstyle.com/skincare/2018/1/19/tatcha,collection:skincare;sitemap,2018-09-09,200,https://www.downsstyle.com/skincare/2018/1/19/tatcha,Chas Downs,best chapstick;how to get rid of acne;how to get rid of blackheads;how to get rid of dry patches;how to hydrate skin;skincare tips;skincare tips for teens;tatcha moisturizer review;tatcha review;tatcha skincare;tatcha skincare review;tatcha the water review,128,2,eb0754cb34a0a03d3f20c32e24b2573979c19a2d452377e8af3ca51498e352cf,
2018-01-21,Skincare,skincare,Kiehls,https://www.downsstyle.com/skincare/2018/1/21/kiehls,collection:skincare;sitemap,2018-03-12,200,https://www.downsstyle.com/skincare/2018/1/21/kiehls,Chas Downs,cheap eye cream that works;cheap lip balm that works;cheap masks;cheap skincare;cheap skincare for acne;cheap skincare products;cheap skincare routine;luxury face products;luxury lip balm that works;luxury moistuzier;luxury skincare for acne;luxury skincare reviews,371,2,7392db10358e73a9433788c1df7cf129d73c9d162db20917b3afbf634d727305,
2018-01-22,Skincare,skincare,Lancer Skincare,https://www.downsstyle.com/skincare/2017/12/14/lancer-skincare,collection:skincare;sitemap,2018-09-09,200,https://www.downsstyle.com/skincare/2017/12/14/lancer-skincare,Chas Downs,best luxury skincare products;is lancer skincare a good brand;is lancer skincare organic;is lancer skincare worth it;lancer moisturizer review;lancer skincare review;luxury skincare for acne;luxury skincare for adults with aging skin;luxury skincare for teens;luxury skincare reviews;luxury skincare that works;skincare that works,230,2,360103541f0f75a27f5342b0a2245736708c526bd47aeeb6609dd124ce9248cf,
2018-01-23,Masks,masks,Peter Thomas Roth Bubbling Mask,https://www.downsstyle.com/masks/2018/1/23/peter-thomas-roth-bubbling-mask,collection:masks;sitemap,2018-09-09,200,https://www.downsstyle.com/masks/2018/1/23/peter-thomas-roth-bubbling-mask,Chas Downs,acne masks that work;best masks for hydration;best oxygen mask;bubbling mask review;cool masks;do oxygen masks work;hydrating masks for the winter;masks for adults;masks for adults who want clear skin;masks for hydration;masks for teen acne;masks for the winter;masks that work for intense hydration;masks to remove makeup;oxygen mask;oxygen mask review;oxygen mask reviews;oxygen masks that work;Peter Thomas roth bubbling mask;peter thomas roth bubbling mask;Peter Thomas roth oxygen bubbling mask review;Peter Thomas roth oxygen mask;Peter Thomas roth oxygen mask review;skincare mask review;skincare tips for acne skin;skincare tips for teens;what is an oxygen mask,179,2,8526138f275b9c7ea8e4f70033a6d73cea817d2963bc1a3fa3d7d469a22eea57,
2018-01-23,Skincare,skincare,Chanel Skincare,https://www.downsstyle.com/skincare/2018/1/23/chanel-skincare,collection:skincare;sitemap,2018-09-09,200,https://www.downsstyle.com/skincare/2018/1/23/chanel-skincare,Chas Downs,chanel mask;Chanel skin care gift sets;chanel skin care line;chanel skincare;chanel skincare at Costco;chanel skincare ingredients;chanel skincare review;chanel skincare reviews;chanel skincare samples;chanel skincare set;is chanel skincare worth it;is chanel skincare worth the price;luxury serum review;luxury skincare;luxury skincare for adults with aging skin;luxury skincare for teens with acne;luxury skincare reviews;luxury skincare that works;should i buy chanel skincare;skincare that works,249,2,34826106a7e1948ba30a733152657be2f003e8320301f6d0171d71bf4c0b030b,
2018-01-29,Skincare,skincare,Evian Facial Toner,https://www.downsstyle.com/skincare/2018/1/23/evian-toner-1,collection:skincare;sitemap,2018-01-29,200,https://www.downsstyle.com/skincare/2018/1/23/evian-toner-1,Chas Downs,beauty;evian;eviantoner;skincare;skincareroutine;toner,183,2,eacf0fa63c6d0b00eb30a2975fa1ef2c16acaff60551e85b6c118c749de7a36b,
2018-02-09,Masks,masks,Kiehls Rare Earth Deep Pore Cleaning Masque,https://www.downsstyle.com/masks/2018/2/9/kiehls-rare-earth-deep-pore-cleaning-masque,collection:masks;sitemap,2018-09-09,200,https://www.downsstyle.com/masks/2018/2/9/kiehls-rare-earth-deep-pore-cleaning-masque,Chas Downs,best skincare lines;does kiehls work;how to get good skin overnight;how to get perfect skin;how to get rid of a pimple;how to get rid of a pimple overnight;how to get rid of acne;how to get rid of acne fast;how to get rid of acne for teenagers;how to get rid of acne for teens;how to get rid of acne scars fast;how to get rid of blackheads;how to get rid of dehydrated skin;how to get rid of large pimples;how to get rid of pimples;how to get rid of pimples fast;how to get rid of teen acne;how to hydrate your skin;how to remove redness from a pimple;kiehls mask;kiehls mask review;kiehls masks that work;luxury masks to get rid of acne scars;luxury masks to remove acne;masks for adult acne;masks for teen acne;masks that get rid of pimples;masks to remove black heads;masks to remove makeup;skincare masks that work;which kiehls masks are good,207,2,3e5a59c6f6361fc444d277ebcd3291591bc3961f6035070dab20f29032c625a3,
2018-02-09,Skincare,skincare,FOREO Luna Mini,https://www.downsstyle.com/skincare/2018/2/9/foreo-luna-mini,collection:skincare;sitemap,2018-09-03,200,https://www.downsstyle.com/skincare/2018/2/9/foreo-luna-mini,Chas Downs,foreo luna foto;foreo luna mini 2;foreo luna Sephora;forex;forex luna 2;forex luna fofo;forex luna mini;forex luna review;is clarinsonic good;is foreo worth it;is the foreo luna good;should i buy a foreo luna,215,2,a16bb88867e942050aa6fd8651a93fa43c3d39fb5b5cd39302a6d6b828b70dd3,
2018-02-09,Skincare,skincare,Kate Somerville Pimples Be Gone,https://www.downsstyle.com/skincare/2018/2/9/kate-somerville-pimples-be-gone,collection:skincare;sitemap,2018-02-10,200,https://www.downsstyle.com/skincare/2018/2/9/kate-somerville-pimples-be-gone,Chas Downs,,285,2,2820c763d52d3e9a3fed5a734b4c624f2afe10909ab4b0c6e919ca9c77a901e3,
2018-02-20,Skincare,skincare,Why I get facials biweekly,https://www.downsstyle.com/skincare/2018/2/11/why-i-get-facials-biweekly,collection:skincare;sitemap,2018-02-22,200,https://www.downsstyle.com/skincare/2018/2/11/why-i-get-facials-biweekly,Chas Downs,,492,2,6718aa0c1157e0fa9feab3c472714d474d64abc56e58bc4e459d193cfcbd9823,
2018-02-21,Interior Design,new-blog-1,Nest Fragrances Sicilian Tangerine Reed Diffuser,https://www.downsstyle.com/new-blog-1/2018/2/14/nest-fragrances-sicilian-tangerine-reed-diffuser,collection:new-blog-1;homepage;sitemap,2018-03-08,200,https://www.downsstyle.com/new-blog-1/2018/2/14/nest-fragrances-sicilian-tangerine-reed-diffuser,Chas Downs,candle heaven;candles;lux candles;luxurycandles;reed diffuser;reeddiffuser,260,2,3d1b43dae3355153daa1c1d78dc866b0321cbd4b3300dc6760d4731733ca7565,
2018-02-21,Skincare,skincare,Ole Hendrickson Skincare Routine,https://www.downsstyle.com/skincare/2018/2/21/ole-hendricksen-skincare-routine,collection:skincare;sitemap,2018-09-03,200,https://www.downsstyle.com/skincare/2018/2/21/ole-hendricksen-skincare-routine,Chas Downs,acne skincare routine;best skincare products;cheap masks;cheap moisturizer;cheap moisturizer for acne;cheap moisturizer for normal skin;cheap moisturizer thats good;is ole henricksen good;luxury face products;luxury moistuzier;luxury skincare;luxury skincare product review;luxuryskincare;makss;masks;moisturizer;morning skincare routine;normal skincare routine;ole henriksen balance;ole henriksen banana bright eye cream;ole henriksen mask;ole henriksen night;ole henriksen reviews;ole henriksen spa;ole henriksen truth serum;should i buy ole henricksen;skincare;skincare products review;skincare routine;skincare routine in the morning;skincareroutine,483,2,2801c682b30860a280b380c7b8e37f0d21d3233bfa0ac925b5a258ba92b4fb5f,
2018-03-02,Skincare,skincare,Estee Lauder Skincare Set,https://www.downsstyle.com/skincare/2018/2/21/estee-lauder-skincare-set,collection:skincare;sitemap,2018-06-15,200,https://www.downsstyle.com/skincare/2018/2/21/estee-lauder-skincare-set,Chas Downs,beauty;cheap moisturizer;cheap moisturizer for acne;estee Lauder skin care better than Clinique;estee Lauder skin care ingredients;estee Lauder skin care line;estee Lauder skincare;estee Lauder skincare review;estee Lauder skincare reviews;esteem Lauder free gift;esteem Lauder skin care products;esteem Lauder skincare for men;esteem Lauder skincare set;facecare;facemask;health;koreanbeauty;luxury skincare for acne;luxury skincare for teens;luxury skincare reviews;luxuryskincare;masks;skincare,532,2,1ab60db22a3a10922c70bfd6c8e92d9e66f800df3c50587bd09e5b33a75b9ac8,
2018-03-04,Candles,new-blog,February Fave Candles,https://www.downsstyle.com/new-blog/2018/3/4/my-february-fave-candles,collection:new-blog;sitemap,2018-03-12,200,https://www.downsstyle.com/new-blog/2018/3/4/my-february-fave-candles,Chas Downs,candles;candles on sale;lux candles;luxury candles;luxury scents,55,2,2f33c92032b717a969ff61fc07be6c7750b5ef58a50077dd9b47343f606afddb,
2018-03-04,Candles,new-blog,My favorite candles under $15,https://www.downsstyle.com/new-blog/2018/3/4/my-favorite-candles-under-10,collection:new-blog;sitemap,2018-03-12,200,https://www.downsstyle.com/new-blog/2018/3/4/my-favorite-candles-under-10,Chas Downs,candles;candles on sale;candles on slae;candles under $10;candles under $15;cheap candles,263,2,fdb3035f6b6ac706d56d785ffbaf8937b9616e9b778b383c0dd4be07424a77af,
2018-03-04,Masks,masks,Estee Lauder Masks,https://www.downsstyle.com/masks/2018/2/21/estee-lauder-masks,collection:masks;sitemap,2018-03-04,200,https://www.downsstyle.com/masks/2018/2/21/estee-lauder-masks,Chas Downs,esteelauder;esteelaudermasks;koreanskincare;makeup;masks;skincare,459,2,5f17690a161094592534c0316bd67d7cc4b4722ffda85e86790a87305cd7c510,
2018-03-04,Masks,masks,Glamglow Firming Mask,https://www.downsstyle.com/masks/2018/2/21/glamglow-firming-mask,collection:masks;sitemap,2018-09-29,200,https://www.downsstyle.com/masks/2018/2/21/glamglow-firming-mask,Chas Downs,glamglow firming mask review;glamglow mask review;gravity mask review;gravitymud;how to slow down aging;is glamglow a good brand;is glamglow cruelty free;is glamglow organic;is glamglow worth it;is the glamglow firming mask worth it;luxury masks to get rid of acne scars;makeup;mask review;masks;masks for adults;masks for adults who want to slow down aging;masks for aging skin;masks to get rid of smile lines;masks to get rid of wrinkles;masks to hydrate skin;Sephoraskincare;should i buy the glamglow firming mask;skincare;skincarejunkie,290,2,859b4a780c34feb8a79518c46aecec8c9ddaf1d08d19f3d278df14f12348c8c1,
2018-03-06,Gift Inspo,gifts,What I Got Myself For My B-Day,https://www.downsstyle.com/gifts/2018/3/6/what-i-got-myself-for-my-b-day,collection:gifts;sitemap,2018-04-24,200,https://www.downsstyle.com/gifts/2018/3/6/what-i-got-myself-for-my-b-day,Chas Downs,,86,2,1caba45640fb66943b9cf21875277fd68efda35ab571ab1c7773183f21d2c82d,
2018-03-27,Masks,masks,Dr. Jart+ Shake & Shot Rubber Hydro Mask,https://www.downsstyle.com/masks/2018/2/21/dr-jart-shake-shot-rubber-hydro-mask,collection:masks;sitemap,2018-09-03,200,https://www.downsstyle.com/masks/2018/2/21/dr-jart-shake-shot-rubber-hydro-mask,Chas Downs,cheap masks that work;cheap skincare;cheap skincare that feels luxury;diy mask;dr jart masks;esteelaudermasks;glamglow masks;innovative skincare;luxury masks;luxury skincare;masks;skincare;skincare junkie;skincare masks;skincare masks that work;skincare must have,248,2,7762d4c5611ce57a527f558356e2a495ebad35b1cdb733016d8ab8b72721b4a0,
2018-03-28,Skincare,skincare,Lip Treatments For Moisture & Plumping Review (Drug Store & Luxury),https://www.downsstyle.com/skincare/2018/2/14/lip-treatments-for-moisture-plumping,collection:skincare;sitemap,2018-06-15,200,https://www.downsstyle.com/skincare/2018/2/14/lip-treatments-for-moisture-plumping,Chas Downs,chapstick;chapstick review;chapstick reviews;cheap masks;cheap masks acne;lip;lip plumber 2018;lip plumber injection;lip plumber walmart;lip plumper;lip plumper device;lip plumper products;lip plumper suction;lip plumper tool;lip treatment at home;lip treatment devices;lip treatment for aging lips;lip treatment review;lip treatment that works;lip treatments for chapped lips;lip treatments for dry lips;liptreatment;luxury chapstick;luxury chapsticks;luxury masks;luxuryskincare;masks,206,3,e0da9a941cb9076e9b20a0b06cb721428d69c9db392572742256cad207404833,
2018-04-09,Candles,new-blog,Henri Bendel Candles,https://www.downsstyle.com/new-blog/2018/3/12/henri-bendel-candles,collection:new-blog;sitemap,2018-04-30,200,https://www.downsstyle.com/new-blog/2018/3/12/henri-bendel-candles,Chas Downs,candle heaven;candles;candles on sale;candles under $15;cheap candles;cheap candles that are good;Henri bendel candles;Henri bendel candles review;interior design;Irresistible candles;luxury candles;luxury scents,154,3,4060453f063025408e6b7ad669283cfd66c5a72eb160db652cf136c68a5856f3,
2018-04-17,Candles,new-blog,March Fave Candles,https://www.downsstyle.com/new-blog/2018/3/11/march-fave-candles,collection:new-blog;sitemap,2018-04-18,200,https://www.downsstyle.com/new-blog/2018/3/11/march-fave-candles,Chas Downs,candles;Henri bendel candles;luxury candles;luxury candles march 2018;luxury scents 2018;nest candles;soy candles;voluspa candles,139,2,881321536885a450b27984eafbc3f55e4723d2f5240f72396b7be733fb9af618,
2018-04-24,Skincare,skincare,Wonjini Effect... Japanese PR package,https://www.downsstyle.com/skincare/2017/12/14/wonjineffect,collection:skincare;sitemap,2018-06-15,200,https://www.downsstyle.com/skincare/2017/12/14/wonjineffect,Chas Downs,acne skincare routine;best skincare products;Chinese skincare;Chinese skincare reviews;Japanese masks;Japanese skincare;Japanese skincare review;Japanese skincare reviews;Japanese skincare that works;luxuryskincare;skincare;skincare lover;skincare products review;skincare reviews;skincare routine in the morning;skincareroutine,93,1,2ccb5d5461a334b8bfedf1e392a1280c9ebf32d9fea5e5c341f7f7f31234a102,
2018-04-28,Masks,masks,Ole Henricksen Hydra Clay Detox Mask,https://www.downsstyle.com/masks/2018/4/28/ole-hendricksen-hydra-clay-detox-mask,collection:masks;sitemap,2018-09-03,200,https://www.downsstyle.com/masks/2018/4/28/ole-hendricksen-hydra-clay-detox-mask,Chas Downs,best inexpensive masks;cheap masks;cheap masks that work;is ole henricksen good for acne skin;is Ole Henricksen skincare good;luxury masks;luxury skincare;mask obsessed;masks I need;masks im obsessed with;masks you need;Ole Henricksen hydra clay detox mask review;Ole Henricksen mask review;Ole Henricksen skincare review;Sephora skincare;skincare;skincare must have;skincare obsessed;skincarejunkie;skincarelover,210,2,b01cf2e5727f572c428ee5df5dbb2f7f918ff2582dc2dfa9d8f0a92687b8a2e4,
2018-04-29,Look Book,look-book,Gucci,https://www.downsstyle.com/look-book/2018/1/17/gucci,collection:look-book;sitemap,2018-09-03,200,https://www.downsstyle.com/look-book/2018/1/17/gucci,Chas Downs,$10000 at gucci;are gucci shoes comfortable;expensive gucci;gucci;gucci 2017;gucci bag;gucci belts;gucci campaign;gucci facts;gucci flip flops;gucci gang;gucci haul;gucci italy;Gucci key chain;Gucci keychain wallet;gucci lookbook;gucci lover;gucci mens lookbook;gucci ophidia;gucci outfit review;Gucci review;gucci shoes;gucci shoes haul;gucci shopping spree;gucci snake tie;gucci sneakers;gucci tie;haul;is gucci worth it;luxury gucci;original gucci;should I buy gucci;should I buy gucci shoes;should I buy gucci sneakers;spending money on gucci,162,2,42bc948aec4eb0f5a2045280da876c8357b552f8407cbd576b0bb6a4a39798e1,
2018-04-30,Skincare,skincare,Eminence Organic Cosmetics: Your Skin Will Thank You!,https://www.downsstyle.com/skincare/2018/4/30/eminence-organic-cosmetics-your-skin-will-thank-you,collection:skincare;sitemap,2018-09-18,200,https://www.downsstyle.com/skincare/2018/4/30/eminence-organic-cosmetics-your-skin-will-thank-you,Chas Downs,cheap masks for acne;is eminence a good brand;is eminence good for your skin;masks;masks for acne;skincare;skincare lover;skincare products review;skincare revuews,492,6,03fe03d2ab2ed5a3c8e4de6df8bfa87e47a8045e47cd31e82f4cdbd8a5c73d15,
2018-05-02,Skincare,skincare,Tatcha Deep Cleanse Face Wash Review,https://www.downsstyle.com/skincare/2018/2/11/new-tatcha-face-wash,collection:skincare;sitemap,2018-06-15,200,https://www.downsstyle.com/skincare/2018/2/11/new-tatcha-face-wash,Chas Downs,expensive skincare;masks for acne;skincare addict;skincare blog;skincare for acne;skincare for dry skin;skincare lover;skincare reviews;skincare routine in the morning;skincare that works;Tatcha;tatcha review;tatcha reviews;tatcha skincare,283,3,4db790dc35d8981e11a75f218672b999c9f07e5559cf92b249c50e729a673005,
2018-05-08,Masks,masks,$128 Sisley Red Clay Mask Review,https://www.downsstyle.com/masks/2018/2/14/sisley-red-clay-mask,collection:masks;sitemap,2020-05-07,200,https://www.downsstyle.com/masks/2018/2/14/sisley-red-clay-mask,Chas Downs,good masks for hydration;good masks for hydration review;how to hydrate your skin;is Sisley a good brand;is Sisley cruelty free;is sisley overhyped;is sisley red clay worth it;is sisley skincare worth it;is Sisley worth it;luxury masks;luxury sheet masks;luxury skincare;should i buy the sisley red clay mask;Sisley mask review;sisley red clay benefits;sisley red clay mask review;Sisley red clay mask review;sisley red clay mask worth it,204,2,01d2bd60f0632f87ee7f0cf05eb4a513152777545ac152438cec7a7a85d7fb32,
2018-05-28,Masks,masks,FARMACY Honey Potion Mask,https://www.downsstyle.com/masks/2018/5/13/farmacy-honey-potion-mask,collection:masks;sitemap,2018-09-03,200,https://www.downsstyle.com/masks/2018/5/13/farmacy-honey-potion-mask,Chas Downs,best inexpensive masks;best masks;best Sephora masks blog;best skincare lines;cool masks;diy honey mask;farmacy honey mask review;good skincare from Sephora reviews;gravitymask;honeymask;how to make a honey mask;how to make masks with honey;is the farmacy skincare line good;luxury masks;luxury skincare;masks;organic masks review;organic masks that worj;organic skincare;organic skincare review;skincare;skincare essentials,166,1,6d1011be4f9e836324fa40d8bd9c6373c697935f7ab9817465b15d179b912870,
2018-06-11,Look Book,look-book,Comme Des Garçons,https://www.downsstyle.com/look-book/2018/5/16/comme-des-garons,collection:look-book;sitemap,2018-09-03,200,https://www.downsstyle.com/look-book/2018/5/16/comme-des-garons,Chas Downs,cdg;cdg lookbook;comme;comme de garcons;comme des garcon;comme des garcons;comme des garcons homme plus;comme des garcons hoodie review;comme des garcons lookbook;comme des garcons outfits;comme des garcons play;comme des garcons review;comme des garcons supreme review;comme des garçons;comme des garçons (business operation);comme des gaçons homme plus;commes des garcons;converse;des;fashion;homme;mens lookbook;mens outfits;nike;rei kawakubo;style;supreme,57,1,b1d94de87316e91c87d2077c56c2c3b774af43ca6aec51ab49e19d9cb0ac4a4b,
2018-06-12,Look Book,look-book,Yeezy,https://www.downsstyle.com/look-book/2018/5/13/yeezy,collection:look-book;sitemap,2018-06-13,200,https://www.downsstyle.com/look-book/2018/5/13/yeezy,Chas Downs,adidas;adidas yeezy;adidas yeezy boost;boost;comedy;custom yeezy;fake yeezys;fashion;funny;how to get yeezy butter;how to get yeezys;kanye;kanye west;nike;shoes;sneaker;sneaker collection;sneakers;unboxing;vlog;yeezy;yeezy 350;yeezy 350 boost;yeezy 350 v2;yeezy 700;yeezy boost;yeezy boost 350;yeezy boost 350 v2;yeezy busta;yeezy butter;yeezy in space;yeezy shoes;yeezy v2;yeezys,401,7,19385aa873bfbf4085a9e96ab6b973896197532c121cecb6c3d23aa7e5236d84,
2018-06-13,Look Book,look-book,Lookbook,https://www.downsstyle.com/look-book/2018/3/8/outfits-for-march,collection:look-book;sitemap,2018-06-13,200,https://www.downsstyle.com/look-book/2018/3/8/outfits-for-march,Chas Downs,,81,3,d8e6eb4340fc16c3a825920f0748d00d907edb7784dfb89976ad1c9ac3a24294,
2018-06-13,Look Book,look-book,Off-White,https://www.downsstyle.com/look-book/2018/1/17/off-white,collection:look-book;sitemap,2018-09-03,200,https://www.downsstyle.com/look-book/2018/1/17/off-white,Chas Downs,adidas;air jordan;bape;belt;designer lookbook;designer mens blog lookbook;designer mens lookbook;designer outfits;fashion;gucci;hype;hypebeast;jordan;jordan 1;kanye west;nike;off;off white;off white air jordan 1;off white nike;off white presto;off-white;off-white review;off-white virgil abloh;off-white x jimmy choo;off-white ‘more affordable’ collection;offwhite;offwhitereview;pyrex;review;shoes;sneaker;sneakers;streetwear;style;supreme;unboxing;virgil;virgil abloh;virgil abloh louis Vuitton;virgil abloh off-white;virgil abloh review;virgil off-white;white;yeezy,160,3,8f11cb45d299a86b1fa36a76948c3616b89fa108a052684d2ba8e846e4b0d898,
2018-06-13,Masks,masks,Dr. Brant Magnetight Mask,https://www.downsstyle.com/masks/2018/3/27/dr-brant-magnetight-mask,collection:masks;sitemap,2018-09-09,200,https://www.downsstyle.com/masks/2018/3/27/dr-brant-magnetight-mask,Chas Downs,charcoal skincare;charcoal skincare that works;charcoal skincare with magnet;cheapskincare;cool gift ideas;cool masks;cool masks for sleep over 2018;cool masks for sleep overs;cool masks to give as a gift;cool skincare;cool skincare 2018;cool skincare brands for bloggers;cool skincare brands from the United States;cool skincare brands from the us;cool skincare gifts;cool skincare lines from Miami;coupon for mask;dr brant mask;dr brant skincare Miami;dr brant skincare um;good skincare for friends;is dr brant a good skincare line;is dr brant magnet mask worth it;is dr brant mask worth it;is dr brant skincare good;is dr brant skincare worth it;is dr brant worth it;magnet mask;magnet mask 2018 review;magnet mask review;magnet mask that works;magnet skincare;masks;masks for acne;masks for pimples;masks for when you break out;masks to get rid of blackheads;masks to remove makeup;should I buy dr brant skincare;skincare;skincare as gifts;skincare coupon;skincare for adults with acne;skincare tips;skincare tips for acne prone skin;skincare tips for acne skin;skincare tips for adults with acne;skincare tips for all skincare types;skincare tips for teenagers;skincare tips for teenagers with acne;skincare tips for teenagers with pimples;skincare tips for teens;skincare tips for teens with acne;skincare tips that work;skincarejunkie,266,2,00ec1d03b5bc10c9e203ce312b81da9f06803aa9c8feed10aa837ef8db15229f,
2018-06-20,Candles,new-blog,Fragrances I use around my House,https://www.downsstyle.com/new-blog/2018/6/11/home-fragrances,collection:new-blog;sitemap,2018-06-21,200,https://www.downsstyle.com/new-blog/2018/6/11/home-fragrances,Chas Downs,candles;designer fragrances review;fragrance;fragrance for home;fragrances review;fragrances that aren't heavy;perfumeascandle,119,3,367e14a3cfb0ed595945a8173bb2b77b1f8140034af5a619839c2286ed05a362,
2018-06-20,Masks,masks,Chanel Vs. Estee Lauder Eye Masks Review,https://www.downsstyle.com/masks/2018/6/20/chanel-vs-estee-lauder-eye-masks-review,collection:masks;sitemap,2018-06-21,200,https://www.downsstyle.com/masks/2018/6/20/chanel-vs-estee-lauder-eye-masks-review,Chas Downs,beauty;Chanel eye patches;chanel vs estee Lauder eye masks review;chanel vs estee Lauder eye patches;designer eye patches;estee Lauder eye patches;eye;eye bags;eye masks;eye patch;eye patches;eye patches review;luxury eye patches;makeup;panda dream eye patch review;panda eye patch review;patch;patches;peter thomas roth 24k gold eye patches | review;petitfee black pearl & gold hydrogel eye patch review;petitfee black pearl & gold hydrogel eye patch review nishipetals;review;skin republic collagen under eye patches review;tony moly eye patch review;under eye patches,293,2,f6b1608e9538a441a51af515063bebba7224e52f88e47f2a3df6374ca3d2644a,
2018-06-22,Masks,masks,Caudalie Masks,https://www.downsstyle.com/masks/2018/1/17/caudalie-masks,collection:masks;sitemap,2018-10-06,200,https://www.downsstyle.com/masks/2018/1/17/caudalie-masks,Chas Downs,best masks for hydration;caudalie mask review;caudalie mask that work;how to choose the right mask;how to get rid of a pimple overnight;how to get rid of acne;how to get rid of adult acne;how to get rid of teen acne;how to make a mask at home;how to make masks with honey;how to remove blackheads;luxury masks that work;masks for acne;masks that work;masks that work for acne scars;masks that work from sephora;masks to hydrate skin;masks to remove makeup;skincare brands for teens with acne;skincare brands that work;skincare must have;skincare tips for acne skin;skincare tips for teenagers;skincare tips for teenagers with acne;skincare tips for teens;skincare to remove black heads,334,3,06df5ec333d743a0c0e21d3691e2f74f7f1d175fb004c259d2c1e15a7f629837,
2018-06-25,Masks,masks,Sisley Black Rose Cream Mask Review,https://www.downsstyle.com/masks/2018/6/20/sisley-black-rose-cream-mask,collection:masks;sitemap,2018-09-09,200,https://www.downsstyle.com/masks/2018/6/20/sisley-black-rose-cream-mask,Chas Downs,$125 sisley mask;are the sisley masks worth it;best masks 2018;best masks for hydration;good masks to invest in;good skincare for friends;how to get rid of a wrinkle;how to get rid of dehydrated skin;how to get rid of smile lines;how to get rid of wrinkles;how to hydrate your skin;is sisley skincare worth it;is Sisley worth it;is the Sisley black rose cream mask worth it;is the Sisley rose cream mask worth it;luxury gifts;luxury gifts that are under 200;luxury gifts under 150;luxury skincare brands that work;luxury skincare gifts;masks for hydration;masks that work for hydration;masks that work for intense hydration;most expensive masks;should i buy sisley skincare;should I buy the Sisley black rose cream mask;Sisley black rose cream mask;sisley black rose cream mask review;sisley mask review;Sisley review;skincare gifts;skincare tips for acne skin;skincare tips for adult acne;skincare tips for adults;skincare tips for aging;skincare tips for wrinkles,254,2,5687a7984bf5a53de6f1dbc7f47c931d11ac75ef66cb84ca56b9763d1ff43acc,
2018-06-26,Look Book,look-book,Transcendent Clothing Exclusive Sneak Peek Season 1,https://www.downsstyle.com/look-book/2018/6/26/transcendental-clothing-exclusive-sneak-peek-season-1,collection:look-book;sitemap,2018-06-29,200,https://www.downsstyle.com/look-book/2018/6/26/transcendental-clothing-exclusive-sneak-peek-season-1,Chas Downs,brand design;designer review;gay hoodie;gay hoodies;gay pride;hoodie for gay;how to design your own brand;knew it hoodies;pride hoodie;Transcendent;Transcendent clothing;Transcendent clothing PR;Transcendent clothing PR package;Transcendent clothing review;Transcendent clothing us;transcendental clothing;Transcendental Clothing Exclusive Sneak Peek Season 1;Transcendental Clothing review;Transcendental hoodies;twink crop top;Twink hoodies,243,2,21b0f685d93d9401c699e4586663317177ae981a7b2dbe132ce94f8544bafcbe,
2018-06-29,Look Book,look-book,James Perse,https://www.downsstyle.com/look-book/2018/6/25/james-perse,collection:look-book;sitemap,2018-09-03,200,https://www.downsstyle.com/look-book/2018/6/25/james-perse,Chas Downs,best mens tee's;best tshirts for men;best tshirts on the market;James perse;James perse haul;James perse review;James perse sweatshirt;James perse t-shirt review,178,2,49a0880cf311061d47606b4f948502ffef616872df3b6eba2b691b5ad4f54058,
2018-06-30,Look Book,look-book,Yves Saint Laurent a Legend,https://www.downsstyle.com/look-book/2018/6/13/yves-saint-laurent-a-legend,collection:look-book;sitemap,2018-09-03,200,https://www.downsstyle.com/look-book/2018/6/13/yves-saint-laurent-a-legend,Chas Downs,are gucci sneakers comfortable;are saint laurent sneakers comfortable;gucci sneakers;is saint laurent worth it;mens currated lookbook;mens lookbook;mens outfits;Prada sneakers;saint laurent;saint laurent addict;saint laurent clothes review;saint laurent high top sneakers;saint laurent lookbook;saint laurent low top star sneakers;saint laurent mens collection;saint laurent outfits 2018;saint laurent review;saint Laurent rubber sole;saint laurent skincare;shoe addict;should I buy gucci sneakers;should I buy saint laurent sneakers;should I buy ysl shoes;ysl;ysl clothing;ysl makeup;ysl perfume review;ysl shoes;ysl skincare,193,3,7786c8ce5af0f6aa44a92b1b9c8c0b6a6cf833250c0d886730d83ba21e5c4239,
2018-06-30,Skincare,skincare,Sisley $500 Moistuzier,https://www.downsstyle.com/skincare/2018/6/20/sisley-500-moistuzier,collection:skincare;sitemap,2018-09-09,200,https://www.downsstyle.com/skincare/2018/6/20/sisley-500-moistuzier,Chas Downs,best anti aging serum;best anti aging skin care line;best cleaner for mature skin;best luxury moisturizer;best luxury moisturizer on the market;best moisturizer for senitive aging skin;best oil free moisturizer;best skincare for anti aging;best skincare products on the market;chanel skincare;luxury skincare for acne;luxury skincare for adults with aging skin;sisley haul;Sisley lintegral anti age moisturizer;Sisley review;skincare lover;skincare products review,210,2,bc133dc15aba6cc47aec6a753bab4589278e510ee2d2921fb1fbbe9cb0e222df,
2018-07-01,Masks,masks,Boscia Charcoal Mask,https://www.downsstyle.com/masks/2018/6/30/boscia-charcoal-mask,collection:masks;sitemap,2018-09-09,200,https://www.downsstyle.com/masks/2018/6/30/boscia-charcoal-mask,Chas Downs,best charcoal masks;best masks on the market for acne;boscia;boscia charcoal mask;Boscia masks review;Bosnia skincare;caudalie masks;caudalie masks review;chanel vs estee Lauder eye masks review;charcoal masks that work;dr brant magent mask review;dr brant magnet mask;glamglow mask;glamglow skincare;is boscia a good brand;is boscia paraben free;is dr brant magnet mask worth it;is the boscia charcoal mask worth it;Laneige Sleeping Mask;should I buy the boscia mask;Sisley black rose cream mask,183,2,4a831a32835ba5e21e3c9543aab33b8692db504c35d40bc00ffa30abf494437b,
2018-07-02,Candles,new-blog,Voluspa Candles,https://www.downsstyle.com/new-blog/2018/4/7/voluspa-candles,collection:new-blog;sitemap,2018-07-02,200,https://www.downsstyle.com/new-blog/2018/4/7/voluspa-candles,Chas Downs,are nest candles worth it;are voluspa candles worth it;candles that are worth it;do voluspa candles burn evenly;inexpensive candles that are good;is voluspa worth it;soy candles that are good;volsupa candles review;voluspa candles;voluspa soy candles,84,2,4cb535f0e96cbdd9ca0b67679600624de1e5fee28f9fc5dcd32531befe370348,
2018-07-10,Skincare,skincare,Dr. Brant Skincare,https://www.downsstyle.com/skincare/2018/3/17/dr-brant,collection:skincare;sitemap,2018-07-10,200,https://www.downsstyle.com/skincare/2018/3/17/dr-brant,Chas Downs,acne skincare routine;best dr brant skincare products;best face wash;best face wash for dry skin;best luxury moisturizer;best products in Sephora;best skincare for acne skin;best skincare for anti aging;best skincare products on the market;does dr brant skincare work;dr brant face wash;dr brant mask;dr brant masks;dr brant moisturizer review;dr brant review;face wash for acne skin;how to get rid of acne,223,2,3cf45c6bf5c1b26354795315bf5c695513f6e957f984396c610a1766570a74a7,
2018-07-11,Masks,masks,Glamglow Instamud 60 second Mask,https://www.downsstyle.com/masks/2018/7/10/glamglow-instamud-60-second-mask,collection:masks;sitemap,2018-09-09,200,https://www.downsstyle.com/masks/2018/7/10/glamglow-instamud-60-second-mask,Chas Downs,are glamglow masks worth it;are glamglow masks worth the hype;best glamglow masks;does the glamglow 60 second mask work;dr brant review;glamglow;glamglow instamud review;glamglow review;how to choose the right mask;how to get amazing skin overnight;how to get good skin overnight;how to get model skin;how to get perfect skin;how to get rid of a pimple overnight;how to get rid of acne;how to get rid of acne fast;how to get rid of acne for teens;how to get rid of acne scars fast;how to get rid of adult acne;how to get rid of large pimples;how to get rid of teen acne;instamud 60 second treatment review;is glamglow a good brand;is glamglow cruelty free;is glamglow instamud worth it;is glamglow skincare good;is glamglow worth it;luxury masks;masks I need;masks that work;should i buy the glamglow 60 second mask;skincare tips;skincare tips for all skincare types;skincare tips for teenagers;whats the best glamglow mask;whats the best glamglow product,356,2,ff8d841c906b1bd9a0a38eb6a237fb38815199f7a40db53333403c40bcfb1755,
2018-07-14,Candles,new-blog,CANDLES I RESTOCK ON WHEN ON SALE,https://www.downsstyle.com/new-blog/2018/7/14/candles-i-restock-on-when-on-sale,collection:new-blog;homepage;sitemap,2018-07-14,200,https://www.downsstyle.com/new-blog/2018/7/14/candles-i-restock-on-when-on-sale,Chas Downs,are henri bendel candles good;bath & body works candle review;bath & body works candle reviews;candle;candle business review;candle diy;candle empties;candle fragrance;candle haul;candle making;candle making videos;candle review;candles;fragrance oil review;henri bendel candle reviews;henri bendel candles;how long do henri bendel candles last;how long do nest candles last;jo malone candle review;jo malone cologne & candle review;jo malone review;nest candles review;review;test candles;yankee candle;yankee candle 2017 preview;yankee candle preview;yankee candle review,141,2,18b2bb721d78c8f98c07d970aa323044d63a1f1b0a5bdc43435b24352e2d53d0,
2018-07-15,Skincare,skincare,Why sunscreen is vital to beauty,https://www.downsstyle.com/skincare/2018/7/15/why-sunscreen-is-vital-to-beauty,collection:skincare;sitemap,2018-09-09,200,https://www.downsstyle.com/skincare/2018/7/15/why-sunscreen-is-vital-to-beauty,Chas Downs,beauty;best drugstore sunscreen;best drugstore sunscreen that works;best luxury sunscreen;best oil free sunscreen;best sunscreen lotion for dry skin;best sunscreen lotion for oily skin;luxury sunscreen;luxury sunscreen for acne skin;luxury sunscreen for sensitive skin;luxury sunscreen review;luxury sunscreen that works;oil free sunscreen that works;skin;skin care;skin care routine;sunscreen;sunscreen (consumer product);sunscreen for acne;sunscreen for all skin types;sunscreen for dry skin;sunscreen for face that works;sunscreen for oily skin;sunscreen for sensitive skin;sunscreen for sensitive skin that works;sunscreen lotion for acne prone skin;sunscreen lotion for dry skin;sunscreen lotion for oily skin;sunscreen that doesn't cause pimples;sunscreen that doesn't leave you oily;sunscreen that doesn't make you break out;sunscreen that works;why it is important to use sunscreen everyday,178,2,71bb2497eee2f97f1810d8b4006b000b421830678df9dbb608e26cfbc15a59b1,
2018-07-16,Masks,masks,Glow Recipe Watermelon Mask,https://www.downsstyle.com/masks/2018/7/16/glow-recipe-watermelon-mask,collection:masks;sitemap,2018-09-03,200,https://www.downsstyle.com/masks/2018/7/16/glow-recipe-watermelon-mask,Chas Downs,diy facial sheet mask;face mask;glow recipe;glow recipe jelly sheet mask;glow recipe jelly sheet mask how to;glow recipe products;glow recipe sheet mask collection;glow recipe skincare;glow recipe watermelon mask;glow recipe watermelon sheet mask;glow recipe watermelon sheet mask review;luxury skincare;mask;masks for acne redness;masks that work;masks that work for acne scars;masks that work from sephora;new glow recipe sheet mask;new glow recipe sheet mask review;sheet mask;sheet mask review,252,2,f2309d5bc89f06e33a99e49ac23557b57decb4e4839d407ef44f21a4a3556090,
2018-07-17,Masks,masks,Clarins SOS Nourishing Balm Mask,https://www.downsstyle.com/masks/2018/7/17/clarins-sos-balm-nourishing-mask,collection:masks;sitemap,2018-09-09,200,https://www.downsstyle.com/masks/2018/7/17/clarins-sos-balm-nourishing-mask,Chas Downs,clarins;clarins (business operation);clarins cleanser review;clarins extra firming mask application;clarins eye mask;clarins gentle foaming cleanser review;clarins hydraquench review;clarins makeup review;clarins products;clarins review;clarins skincare;clarins skincare review;clarins sunkissed collection 2018 review;clay mask;does clarins help get rid of acne;face mask;facial mask;is clarins a good skincare brand;is clarins cruelty free;is clarins paraben free;is clarions good;is clarions worth the hype;makeup review;product review;review;skincare;skincare review,243,2,ddf3babfad88a4fccbf2383eb215ceb5a4aff24315ec900e9feb9516d59b2bb4,
2018-07-18,Masks,masks,Sheet masks under $10,https://www.downsstyle.com/masks/2018/7/18/sheet-masks-under-10,collection:masks;sitemap,2020-05-22,200,https://www.downsstyle.com/masks/2018/7/18/sheet-masks-under-10,Chas Downs,affordable korean sheet masks;affordable sheet masks;american sheet masks;asian sheet masks;best sheet masks;drugstore sheet masks;face mask;face masks;k-beauty sheet masks;k-beauty vs us sheet masks;korean sheet mask;korean sheet masks;korean vs american sheet masks;loreal sheet hair mask;luxury sheet masks;luxury skincare;masks;my favorite sheet masks;sheet mask;sheet mask review;sheet masks;sheet masks i've repurchased;worst sheet masks,298,3,f8049ebe930b270d54887bec562bedade40e2473e482fbfda7b43dbec0d33da4,
2018-07-19,Masks,masks,Same Product different formula? Why one works and the other is a Dupe!,https://www.downsstyle.com/masks/2018/7/19/same-product-different-formula-why-one-works-and-the-other-is-a-dupe,collection:masks;sitemap,2018-09-09,200,https://www.downsstyle.com/masks/2018/7/19/same-product-different-formula-why-one-works-and-the-other-is-a-dupe,Chas Downs,acne masks;how to choose the right mask;how to figure out if your mask is bad for your skin;masks for acne that dont work;masks for acne that work;masks that break you out;masks that suck;masks to avoid;masks you shouldnt use;products that don't work,203,2,83449b40a6023021906930d91278c271cf8e252052e09042172bfa32ec05f871,
2018-07-23,Skincare,skincare,DRUG STORE SKINCARE?,https://www.downsstyle.com/skincare/2018/7/23/drug-store-skincare,collection:skincare;sitemap,2018-07-23,200,https://www.downsstyle.com/skincare/2018/7/23/drug-store-skincare,Chas Downs,beauty;beauty review;brutally honest sisley primer review;izia by sisley perfume review;izia by sisley review;izia review;lux review;luxury;luxury review;review;sisley;sisley black rose cream mask;sisley eye concealer review;sisley izia fragrance review;sisley izia parfum review;sisley izia perfume review;sisley izia review;sisley mask review;sisley paris;sisley primer;sisley review;skincare review,238,2,a20c5dae6f52fc1da9b21e50e96a768e6fbf58d249415760a62669eda5d104bd,
2018-07-26,Masks,masks,Ole Henrickensen cold plunge mask,https://www.downsstyle.com/masks/2018/7/25/ole-henrickensen-cold-plunge-mask,collection:masks;sitemap,2018-09-09,200,https://www.downsstyle.com/masks/2018/7/25/ole-henrickensen-cold-plunge-mask,Chas Downs,cool masks for sleep over 2018;cool masks for sleep overs;cool masks to give your friends as a present;cool presents;cooling masks;facial mask;good masks 2018;good masks for acne;how to choose the right mask;how to get rid of acne;how to remove acne scars;how to remove acne scars fast;is ole henrickensen cruelty free;luxury acne masks;luxury masks;luxury skincare;masks for acne;masks for redness;masks that work 2018;masks that work for acne;masks that you can place in the freezer;masks to remove redness;ole henrickensen cold plunge mask;ole henriksen skincare;present ideas;skincare for adults;skincare for teens;skincare that works;skincare tips;skincare tips for teens;skincarejunkie,203,2,f1984ea0b952558df1e2aa66f5b4930c0b9d7b91d7fadab23bdfc853d8c86609,
2018-07-29,Skincare,skincare,Bath soaps to help you relax during this stressful week,https://www.downsstyle.com/skincare/2018/7/29/bath-soaps-to-help-you-relax-during-this-stressful-week,collection:skincare;sitemap,2018-11-28,200,https://www.downsstyle.com/skincare/2018/7/29/bath-soaps-to-help-you-relax-during-this-stressful-week,Chas Downs,bath soaps that work;best bath products;best body exfoliators;best body moisturizer;best body products;best bodymoisturizer for adults;best housewarming gifts;best jo malone shower gel;best moisturizer for adults;best moisturizer for senitive aging skin;caudalie bath wash;caudalie scrub;caudalie scrub review;good body moisturizer;housewarming gifts;jo malone shower gel review;keihls body moisturizer;Kiehls body wash review;Kiehls lavender body wash review;luxury bath products;luxury bath soaps;luxury body moisturizers;luxury shower gels;shower gel review;shower gels as gifts;shower gels that hydrate;shower gels that work;which jo malone shower gel is good;which jo malone shower gel should I give as a gift,167,3,3890c1cf572e018f16da33ab0213496ee36601978e647fefd9ee33f94f8357a0,
2018-07-31,Masks,masks,Kora Organics Turmeric Mask,https://www.downsstyle.com/masks/2018/7/31/kora-beauty-tumeric-mask,collection:masks;sitemap,2020-05-23,200,https://www.downsstyle.com/masks/2018/7/31/kora-beauty-tumeric-mask,Chas Downs,are turmeric masks good for your skin;diy masks;diy masks with tumeric;how to make a mask at home;how to make a turmeric mask at home;hsn korres body butter;hsn korres olive oil;hsn korres today's special;is kora organics a good skincare brand;is the kora organics mask good;kora organics mask review;kora organics turmeric mask;koraorganics;korres almond blossom;korres almond blossom moisturizing cream;korres beauty;korres black pine eye cream;korres black pine eye serum;korres black pine serum;korres body butter spray;korres body milk;korres body wash;korres castanea arcadia serum;korres cleanser;korres deodorant;korres eye cream;korres face wash;korres fig body butter;korres foundation;korres golden krocus;korres greece;korres greek yoghurt cleanser;korres greek yoghurt foaming cream cleanser;korres greek yoghurt moisturizer;korres greek yoghurt sleeping facial;korres greek yogurt;korres greek yogurt cleanser;korres hydra biome;korres jasmine lip butter;korres lip balm;korres lipstick;korres magnolia day cream;korres makeup;korres mattifying primer;korres moisturizer;korres night cream;korres perfume;korres pomegranate;korres pomegranate mask;korres pomegranate mattifying primer;korres pomegranate toner;korres primer;korres products;korres pure greek olive;korres reviews;korres rose oil;korres sale;korres sephora;korres serum;korres shampoo;korres skin care;korres skincare review;korres sleeping facial;korres sunscreen;korres ulta;korres usa;korres vitamin c;korres vitamin c serum;korres vitamin c sleeping facial;korres wild rose advanced brightening sleeping facial;korres wild rose brightening sleeping facial;korres wild rose cleanser;korres wild rose eye cream;korres wild rose lip butter;korres wild rose mask;korres wild rose night cream;korres wild rose serum;korres wild rose sleeping facial before and after;korres wild rose sleeping facial review;korres wild rose smoothie;korres wild rose vitamin c;korres wild rose vitamin c active brightening oil;korres wild rose vitamin c brightening oil;korres yogurt cleanser;korrs;masks for sensitive skin;masks that you can make at home;micheal korr;qvc korres;skincare tips;skincare tips for adults with acne;skincare tips for combination skin;skincare tips for kids;skincare tips for teenagers;skincare tips for teens;skincare tips for teens with acne;timothy randall korr;tumeric masks that work for acne;turmeric mask at home;turmeric mask review;turmeric masks for acne,247,2,a3b52b629b3bf9b7cca969262abb45f671d594f8f0103d33765f933f37c7caab,
2018-07-31,Skincare,skincare,$8 vs. $100 razor,https://www.downsstyle.com/skincare/2018/7/31/8-vs-100-razor,collection:skincare;sitemap,2018-11-28,200,https://www.downsstyle.com/skincare/2018/7/31/8-vs-100-razor,Chas Downs,art of shaving kit review;art of shaving razor review;art of shaving review;barbasol razor review;barbasol ultra 6 razor;barbasol ultra 6 razor blog post;barbasol ultra 6 razor review;best razor;best razor for body shaving;best razor on the market;best razors for legs;blog;chanson de major lazer;chanson major lazer;de razor;different types of razors;double edge razor;eyebrow razors;face razor;gillette razor blades;gillette razors;girl razor;good razors for men;good razors for shaving;how to shave without getting razor bumps;how to use a razor;is the barbasol ultra 6 razor good;lean on major lazer;major laser;major lazer;major lazer dj snake;major lazer lean on;major lazer music video;major lazer musique;old razor;razor;razor beast;razor blade;razor blades;razor handles;razor reviews;razor service;razor strap;razor's edge;razored bangs;razored fringe;razors;razors 101;razors for men;razors shift;razors skate co;razors sl;razors sl3;razors that don't cut when shaving review;razors that don't give you razor burn;razors that leave no trace;razors that work;review for mens razors;review for razors;safety razor;safety razor (invention);shave with a razor;shaving with a safety razor;should I buy art of shaving razors;should I buy the art of shaving kit;should I buy the barbasol ultra 6 razor;straight razor;the art of shaving review;what's a good razor for men;why art of shaving kit is not worth it;why art of shaving razors are bad;why you shouldn't buy the art of shaving,219,2,24b3e3115a2259e152b67b39521e39a4ab92d558282ce3b729ba86bf4afd7cd9,
2018-08-08,Masks,masks,Ole Henricksen 3 step Mask,https://www.downsstyle.com/masks/2018/8/8/ole-henricksen-3-step-mask,collection:masks;sitemap,2018-12-07,200,https://www.downsstyle.com/masks/2018/8/8/ole-henricksen-3-step-mask,Chas Downs,acid peel review;are acid peels good for your skin;chemical peel;does ole henricksen work;how to choose the right mask;how to figure out if your mask is bad for your skin;how to get rid of a pimple overnight;how to get rid of acne;how to get rid of acne fast;how to get rid of acne scars fast;how to get rid of large pimples;how to remove acne scars fast;is ole henricksen good for acne skin;luxury masks;luxury masks for adults;luxury skincare;masks for adult acne;masks for adults who want clear skin;masks for teen acne;masks for teens;ole henricksen acid peel mask;ole henricksen mask review;ole henriksen;ole henriksen (organization founder);ole henriksen power bright;ole henriksen power peel;ole henriksen power peel professional spa grade kit;ole henriksen power peel review;ole henriksen skincare;ole power peel acne;olehenriksen power peel transforming facial system;overnight masks that work;power peel;power peel acne;power peel by ole henriksen;power peel ole henriksen review;power peel review,262,2,2e5d8df9a4e5c17d4eb0715fad33de5fe9e22e4b9bd539facd3ebc28afe5392a,
2018-08-11,Masks,masks,Sunday Riley Sulfur Mask Review,https://www.downsstyle.com/masks/2018/8/11/sunday-riley-sulfur-mask-review,collection:masks;sitemap,2018-10-10,200,https://www.downsstyle.com/masks/2018/8/11/sunday-riley-sulfur-mask-review,Chas Downs,best masks for hydration;best masks for problem skin;best masks of 2018;best overnight masks;does sunday riley sulfur mask work;does sunday riley work;good skincare regimen;how to get amazing skin overnight;how to get good skin overnight;how to get model skin;how to get rid of a pimple overnight;how to get rid of acne fast;how to get rid of acne for adults;how to get rid of acne for teenagers;how to get rid of acne scars fast;how to get rid of large pimples;is Sunday Riley a good brand;is sunday riley cruelty free;is sunday riley good for acne skin;is sunday riley organic;is sunday riley worth it;is Sunday Riley worth it;masks for acne;masks for adult acne;masks for teen acne;masks for teenagers;masks for teens;masks for teens that work;masks that work 2018;masks that work for acne;masks that work for acne scars;masks with tree oil;regimen for skin;skincare for teens;skincare tips for teenagers;skincare tips for teenagers with acne;skincare tips for teens;skincare tips that work;sunday riley sulfur mask;sunday riley sulfur mask canada;sunday riley sulfur mask directions;sunday riley sulfur mask overnight;sunday riley sulfur mask review;sunday riley sulfur mask uk,252,2,c911f9e23514f6a307f8197656a8d006b85f55c660501ef3b10c199ceb4f4b56,
2018-08-12,Look Book,look-book,The 5 next outfits for my next vacation,https://www.downsstyle.com/look-book/2018/8/12/the-3-next-outfits-for-my-next-vacation,collection:look-book;sitemap,2018-09-09,200,https://www.downsstyle.com/look-book/2018/8/12/the-3-next-outfits-for-my-next-vacation,Chas Downs,cool outfits;cool outfits for winter;cool outfits for winter men;finesse the system t-shirt;finesse the system tee;high fashion lookbook;high fashion lookbook for men 2018;lookbook for men;Lookbook for men 2018;mens lookbook;mens outfit;outfit lookbook 2018;outfits for my next vacation;transcendent clothing;trend t-shirt;trend tee,76,6,064a609b9ca7db9584b0a506ab4af23ed088dbf7b1236f0636be605aeb962ea7,
2018-08-12,Skincare,skincare,The Best Drugstore Drug Store Skincare Approved by Dermatologists,https://www.downsstyle.com/skincare/2018/8/12/the-best-drugstore-drug-store-skincare-approved-by-dermatologists,collection:skincare;sitemap,2018-09-09,200,https://www.downsstyle.com/skincare/2018/8/12/the-best-drugstore-drug-store-skincare-approved-by-dermatologists,Chas Downs,best anti-aging products | dermatologist at the drugstore;best drug store skincare;best drugstore skin care;best drugstore skin care products;best drugstore skincare;best drugstore skincare - for oily/combination skin;best drugstore skincare 2017;best skin care products;best skincare;Burts bees skincare review;dermatologist;drug store skincare for blackheads;drug store skincare for teen acne;drug store skincare for teenagers with acne;drug store skincare review;drug store skincare that works;drug store skincare thats good;drugstore;drugstore products;drugstore skin care products;drugstore skincare;drugstore skincare for adult acne;drugstore skincare for teenagers;drugstore skincare routine;drugstore skincare that doesn't break you out;drugstore skincare thats works;exfoliators at the drug store that work;how to get rid of acne;how to get rid of blackheads;is acure good;is acute good;is Burts bees good;simple skincare;skincare;skincare routine,346,13,f0610bc15c60d6d361e767743c99508ad001e98177fec558edf4862e78b961a1,
2018-08-21,Travel,travel,Ode To Miami,https://www.downsstyle.com/travel/2018/8/21/ode-to-miami,collection:travel;sitemap,2018-08-22,200,https://www.downsstyle.com/travel/2018/8/21/ode-to-miami,Chas Downs,,243,1,d34c3d81ce0272047b206591979abcb882fad54844966a01e826066bafcf34df,
2018-08-23,Skincare,skincare,La Prarie $205 Tinted Moisturizer,https://www.downsstyle.com/skincare/2018/8/23/la-prarie-205-tinted-moisturizer,collection:skincare;sitemap,2018-11-28,200,https://www.downsstyle.com/skincare/2018/8/23/la-prarie-205-tinted-moisturizer,Chas Downs,best tinted moisturizer;clinique la prairie;d&g millennial skin on-the-glow tinted moisturizer;dolce and gabbana tinted moisturiser;foundation review;is la prairie a good skincare brand;is la prairie skincare good;is la prairie worth it;is the la prairie tinted moisturizer a good foundation alternative;is the la prairie tinted moisturizer full coverage;is the la prairie tinted moisturizer good;is the la prairie tinted moisturizer worth 205;is the la prairie tinted moisturizer worth it;la mer;la mer bronzer 2018 review;la mer bronzing powder review;la petite maison dans la prairie;la prairie;la prairie (city/town/village);la prairie blush;la prairie cellular swiss;la prairie cushion foundation;la prairie foundation;la prairie foundation review;la prairie la mer it cosmetics rosehip seed oil;la prairie loose powder;la prairie night cream;la prairie review;la prairie serum;la prairie skin care;la prairie skin care review;la prairie skincare;la prairie spa;la prairie tinted moisturizer review;la prairie tinted sunscreen;la prairie обзор;la prairie 气垫;la prarie;laprairie;moisturizer review;reseña base de la prairie;review;should I buy la prairie;should I buy the la prairie tinted moisturizer;should I splurge on skincare;tinted moisturizer;worst tinted moisturizer,276,2,3ff0718e731f35a437e003808084235c8c3c0c86571058678423608e6504e8f1,
2018-09-09,Look Book,look-book,Dior Lookbook,https://www.downsstyle.com/look-book/2018/6/13/dior,collection:look-book;sitemap,2018-09-10,200,https://www.downsstyle.com/look-book/2018/6/13/dior,Chas Downs,christian dior fabric;christian dior history;Christian dior influence in fashion;dior eye wear;dior fashion;Dior lookbook;dior lookbook;dior lookbook for men;dior outfit;dior outfits for 2018;dior outfits for men 2018;dior style;high fashion lookbook for men;high fashion lookbook for men 2018 2019;how did dior influence 21st century fashion;how to dress 2018;how to get dior cheap;how to get dior for cheap;how to get dior makeup cheap;how to get dior sunglasses for cheap;how to get yeezys;how to have better style for men;how to save when buying designer;lookbook men 2018,381,3,a817e374242af5d56d80c56ee969841cac7d13cf3a86b413286021ed93a26b98,
2018-09-10,Masks,masks,$135 SKII Facial Treatment Mask Review,https://www.downsstyle.com/masks/2018/9/9/135-skii-facial-treatment-mask-review,collection:masks;sitemap,2018-09-10,200,https://www.downsstyle.com/masks/2018/9/9/135-skii-facial-treatment-mask-review,Chas Downs,at home facial;at home facial mask;how to have a spa day at home;is skII mask worth it;is skII worth it;luxury face mask review;luxury face masks;luxury face masks that work;luxury facial mask review;masks that are used in facial;should I buy the skII facial treatment mask;skII mask review;skII skincare review,264,2,0ab8fea5e97b9babd449d3d8595d916df747619977e4c2797c87aeda99fec8c0,
2018-09-21,Masks,masks,Glamglow Bubblesheet Mask,https://www.downsstyle.com/masks/2018/9/21/glamglow-bubblesheet-mask,collection:masks;sitemap,2020-04-18,200,https://www.downsstyle.com/masks/2018/9/21/glamglow-bubblesheet-mask,Chas Downs,bubble sheet mask review;glamglow bubble sheet mask review;glamglow bubblesheet review;glamglow bubblesheetmask;glamglow review;is glamglow worth it;is the glamglow bubble sheet worth it,217,2,1b15145b38e61dcd50008811f8b9ccab34339e11ecef3b99787bb0fa4ae2cc73,
2018-09-22,Skincare,skincare,Kiehls Midnight Recovery Serum Review,https://www.downsstyle.com/skincare/2018/9/22/kiehls-midnight-recovery-serum-review,collection:skincare;sitemap,2018-10-20,200,https://www.downsstyle.com/skincare/2018/9/22/kiehls-midnight-recovery-serum-review,Chas Downs,,122,2,9137871d23b3ea5fc160662b1743eb12da54166e52e8c8a7aaecebe37e22bc23,
2018-10-06,Masks,masks,Origins using alcohol in products/ Ginzing Peel-Off Mask,https://www.downsstyle.com/masks/2018/10/6/origins-using-alcohol-in-products-peel-off-mask,collection:masks;sitemap,2018-11-11,200,https://www.downsstyle.com/masks/2018/10/6/origins-using-alcohol-in-products-peel-off-mask,Chas Downs,best peel off mask;best peel off mask for boys;best peel off mask for girls;best peel off mask for teenagers!;blackhead peel off mask;cheap blackhead peel off mask;face mask;ginseng;ginzing;male skincare blogger;mask;orgins mask;origins;origins charcoal mask;origins face masks;origins ginzing;origins ginzing peel off mask;origins mask;origins skincare;peel off;peel off face mask;peel off mask;products that don't work;sephora;skincare blog;skincare blogger;skincare reviews;skincare that doesn't work;skincare to stay away from;worse peel off mask,346,2,91f0eb11a48b36984412c0d6ecb8328ba81cf78f7131a7caa32517161cd24a6d,
2018-10-10,Masks,masks,Ren Evercalm Ultra Comforting Rescue Mask,https://www.downsstyle.com/masks/2018/10/10/ren-evercalm-ultra-comforting-rescue-mask,collection:masks;sitemap,2018-11-11,200,https://www.downsstyle.com/masks/2018/10/10/ren-evercalm-ultra-comforting-rescue-mask,Chas Downs,beneath the mask;brian carroll;brian eno;brian foster;brian w. foster;calm;calm rain;calm redness relief range;every;good masks after laser hair removal;good masks for sensitive skin;how to get rid of the pain from laser hair removal;mask;masks for after facials;masks for laser hair removal;music;paula's choice calm redness relief range;paulas choice calm redness relief range full review;paulas choice calm redness review;paulas choice redness relief calm review;pj masks;pj masks romeo;pj masks toys;putin the cat was purrfectly calm;sensitive masks that work;without his mask;without the mask,303,2,de3096414b02fa41355a3dc3190b80d56fc3cafb0699192bb3a4652969b128fb,
2018-10-20,Skincare,skincare,Pixi Rose Ceramide Cream,https://www.downsstyle.com/skincare/2018/10/15/pixi-rose-ceramide-cream,collection:skincare;sitemap,2018-10-21,200,https://www.downsstyle.com/skincare/2018/10/15/pixi-rose-ceramide-cream,Chas Downs,,185,2,19818c926e72152c164bd7dab576a19c110cd777cc4d28dcf4f872f346fb3a9f,
2018-10-25,Skincare,skincare,Rosehip seed oil and why I love it 😍,https://www.downsstyle.com/skincare/2018/10/16/oil,collection:skincare;sitemap,2018-10-26,200,https://www.downsstyle.com/skincare/2018/10/16/oil,Chas Downs,,138,2,39c60931a87010ef249107ae62cacff27ddd065269b3da3e98dc7810889247b5,
2018-11-07,Masks,masks,Jet Lag Mask in First Class,https://www.downsstyle.com/masks/2018/11/6/jet-lag-mask-in-first-class,collection:masks;sitemap,2020-04-18,200,https://www.downsstyle.com/masks/2018/11/6/jet-lag-mask-in-first-class,Chas Downs,face mask;face mask review;jet lag mask;jet lag mask review;jet lag mask summer fridays;jetlag mask;mask;review;summer friday jet lag mask;summer friday's jet lag mask;summer fridays;summer fridays jet lag mask;summer fridays jet lag mask review;summer fridays jetlag mask;summer fridays mask;summer fridays mask review;summer fridays overtime mask;summer fridays review,303,2,c41dcd685dd2c1685bc3368097fca6ec5ab0e84e50900c72c689d4afc7e501ee,
2018-11-11,Masks,masks,Sisley Eye Contour Mask Review,https://www.downsstyle.com/masks/2018/11/11/sisley-eye-contour-mask-review,collection:masks;sitemap,2020-04-18,200,https://www.downsstyle.com/masks/2018/11/11/sisley-eye-contour-mask-review,Chas Downs,contour;eye;eye contour mask;eye cream;eye mask;face mask;mask;sisley;sisley black rose cream mask;sisley eye and lip contour balm;sisley eye and lip contour complex review;sisley eye and lip contour cream;sisley eye and lip contour cream review;sisley eye contour mask;Sisley Eye Contour Mask Review;sisley eye cream;sisley mask review;sisley paris;sisley paris black rose cream mask;sisley review,266,2,2a446dedcd74235928004816b76c6d6c5aa8d4db9b597743dff6b049189a8cbe,
2018-11-28,Skincare,skincare,Holiday Skincare Sephora Haul,https://www.downsstyle.com/skincare/2018/11/27/holiday-skincare-sephora-haul,collection:skincare;sitemap,2018-11-28,200,https://www.downsstyle.com/skincare/2018/11/27/holiday-skincare-sephora-haul,Chas Downs,amore pacific 12 days of essential beauty;amore pacific 12 days of essential beauty blog review;amore pacific 12 days of essential beauty review;amore pacific review;beauty haul;best skincare;caudalie review;Chaz downs;Chaz downs blog;Chaz downs downs style;clean skincare;cosmetics;downs style holiday luxury skincare Sephora haul;downs style holiday skincare haul;downs style holiday skincare Sephora haul;dr Dennis gross dew holiday right;dr Dennis gross dew holiday right blog post;dr Dennis gross dew holiday right review;dr Dennis gross eye cream review;fresh;fresh beauty;fresh beauty skincare;fresh beauty skincare haul;fresh beauty skincare review;fresh beauty skincare routine;fresh faced skincare routine;fresh rose skincare;fresh roundtrip rituals;fresh roundtrip rituals review;fresh skin care;fresh skincare;fresh skincare 2018;fresh skincare review;fresh skincare review 2018;fresh soy cleanser;fresh soy cleanser review;gift ideas;haul;holiday;holiday 2018;holiday haul;holiday luxury skincare haul;holiday makeup;holiday Sephora haul;holiday Sephora skincare haul;holiday skincare;holiday skincare haul;holiday skincare luxury haul;holiday skincare routine;holiday skincare Sephora haul;how much does Kiehl's collection for a cause donate;is Kiehl's skincare good;is the amore pacific 12 days of essential beauty good;is the dr Dennis gross dew holiday right good;is the fresh roundtrip rituals good;is the fresh soy cleanser good;is the jet lag mask by summer Fridays good;is the Kiehl's collection for a cause good;is the Kiehl's mask good;is the korres wild rose radiance good;is the lancome rosy skincare collection good;is the Peter Thomas roth 24kt gold mask worth it;is the Peter Thomas roth 24kt gold mask worth it review;is the rose fresh mask good;Kiehl's collection for a cause;Kiehl's collection for a cause blog post;Kiehl's collection for a cause review;Kiehl's skincare review;korean skincare;korean skincare haul;korean skincare routine;korres wild rose radiance;korres wild rose radiance kit;korres wild rose radiance kit review;korres wild rose radiance oil review;korres wild rose radiance review;lancome;lancome cosmetics;lancome genifique;lancome review;lancome rosy skincare collection;lancome rosy skincare collection review;lancome sikincare;lancome skin care;lancome skincare;lancome skincare for acne prone skin;lancome skincare for oily skin;lancome skincare haul;lancome skincare review;lancome skincare reviews;lancome skincare routine;lancome skincare set;lancome tutorial;lancome visionnaire;lancôme;lancôme (business operation);makeup;makeup haul;natural holiday skincare sets;ocean fresh skincare;organic holiday skincare sets;organic skincare;Peter Thomas roth 24kt gold mask review;Peter Thomas Roth cucumber gel mask review;Peter Thomas roth mask review;Peter Thomas roth mask review cucumber gel mask;Peter Thomas roth skincare;Peter Thomas roth skincare review;rose face mask fresh review;Sephora favorites skincare;Sephora favorites skincare review;sephora haul;should I buy Peter Thomas roth;should I buy the fresh roundtrip rituals;should I buy the lancome rosy skincare collection;should I get korres wild rose radiance;skin;skin care;skinacre haul;skincare;skincare favorites;skincare haul;skincare review;skincare routine;skincare routine 2017;sugar lip scrub fresh;sugar lip scrub fresh review;summer Fridays jet lag mask review;ulta haul;ulta holiday makeup haul;who makes the summer Fridays mask,193,2,7d5b2fb836695b4042402a91ee338aa35e444468dc35f2e5fa576f156bb4f82e,
2018-12-03,Skincare,skincare,Creating a Skincare Line at 18... What I’ve Learned,https://www.downsstyle.com/skincare/2018/12/3/creating-a-skincare-line-at-18-what-i-ve-learned,collection:skincare;sitemap,2019-04-28,200,https://www.downsstyle.com/skincare/2018/12/3/creating-a-skincare-line-at-18-what-i-ve-learned,Chas Downs,,604,2,ed574768d258ff505942efbf04bde9714d73e3dc7a4f55977929da1beaaad20c,
2019-04-28,Skincare,skincare,Glossier PopUp Shop Miami,https://www.downsstyle.com/skincare/2019/4/28/glossier-popup-shop-miami,collection:skincare;sitemap,2019-04-29,200,https://www.downsstyle.com/skincare/2019/4/28/glossier-popup-shop-miami,Chas Downs,full face of glossier;glossier;glossier boy brow;glossier brand review;glossier cloud paint;glossier code;glossier concealer;glossier dark skin;glossier full face;glossier grwm;glossier haloscope;glossier haul;glossier lip gloss;glossier makeup;glossier makeup review;glossier makeup tutorial;glossier play;glossier play review;glossier review;glossier reviews;glossier skin tint;glossier skincare;glossier swatches,218,2,74405b559ae289fe2796d1ebf659107f5cf83993ec1e376f46f7374711255c02,
2019-05-21,Masks,masks,Shiseido Waso Purifying Peel off Mask Review,https://www.downsstyle.com/masks/2019/5/21/shiseido-waso-purifying-peel-off-mask-review,collection:masks;sitemap,2020-04-18,200,https://www.downsstyle.com/masks/2019/5/21/shiseido-waso-purifying-peel-off-mask-review,Chas Downs,charcoal peel off mask;peel off mask;purifying mask;review;sheseido pembe maske;shiseido;shiseido - waso;shiseido - waso| soft and cushy polisher review;shiseido facial mask;shiseido mask;shiseido purifying mask;shiseido purifying mask demo + review;shiseido purifying mask review+demo;shiseido waso;shiseido waso maschera;shiseido waso review;waso,169,2,94e2805095c2fac4ab25750e54839fc4f1e51fba96ca2b52920d9814af6f3d13,
2019-05-21,Skincare,skincare,Shiseido Waso New Product Line Review,https://www.downsstyle.com/skincare/2019/5/21/shiseido-waso-new-product-line-review,collection:skincare;sitemap,2019-05-24,200,https://www.downsstyle.com/skincare/2019/5/21/shiseido-waso-new-product-line-review,Chas Downs,shiseido;shiseido - waso;shiseido - waso| soft and cushy polisher review;shiseido waso;shiseido waso brand;shiseido waso cleanser review;shiseido waso collection;shiseido waso color smart day moisturizer;shiseido waso quick gentle cleanser;shiseido waso quick gentle cleanser review;shiseido waso resenha;shiseido waso review;shiseido waso skincare;shisesido waso quick gentle cleanser;skincare;waso;waso shiseido,496,2,c015e680870c9c400681f6d3b6d058514f129ccee0a59e8d797bcde869e614da,
2019-05-23,Masks,masks,Dr. Brant Oxygen Facial Review,https://www.downsstyle.com/masks/2019/5/23/dr-brant-oxygen-facial-review,collection:masks;sitemap,2019-05-24,200,https://www.downsstyle.com/masks/2019/5/23/dr-brant-oxygen-facial-review,Chas Downs,br brandt oxygen facial mask;dr brandt;dr brandt bb cream;dr brandt maget mask;dr brandt magnetight age defier;dr brandt oxygen facial;dr brandt oxygen facial demo;dr brandt oxygen facial mask;dr brandt oxygen facial review;dr brandt oxygen mask;dr brandt pores no more;dr brandt review;dr brandt skincare;dr brant magnetight age-defier mask;dr. brandt;oxygen facial;oxygen facial dr brandt,433,2,5e175c726f5bbf06de15db0ac4435f6581fa37f9ba18ebbc41d8a18111ce4e08,
2019-05-24,Skincare,skincare,Glow Recipe Pineapple + C Bright Serum Review,https://www.downsstyle.com/skincare/2019/5/24/glow-recipe-pineapple-c-bright-serum-review,collection:skincare;sitemap,2019-05-24,200,https://www.downsstyle.com/skincare/2019/5/24/glow-recipe-pineapple-c-bright-serum-review,Chas Downs,glow recipe;glow recipe avocado;glow recipe pineapple;glow recipe pineapple c brightening serum review;glow recipe pineapple c serum review;glow recipe pineapple serum;glow recipe review;glow recipe watermelon;glow recipe watermelon glow ultra-fine mist;glow recipe watermelon mist;new glow recipe pineapple c brightening serum;pineapple brightening serum;tatcha violet c brightening serum;vitamin c serum,267,2,a3757e35b7fbf1e4d346b86ff71608f7f5acf5818904b3c371f1a70eeff8b6ac,
2019-06-13,Skincare,skincare,Cane + Austin Skincare Review,https://www.downsstyle.com/skincare/2019/6/13/cane-austin-skincare,collection:skincare;sitemap,2019-06-13,200,https://www.downsstyle.com/skincare/2019/6/13/cane-austin-skincare,Chas Downs,acne skincare;cane & austin;cane + austin;cane + austin moisture cream;cane + austin prime & protect mattifying primer;cane + austin prime and protect primer;cane + austin primer;cane and austin;cane and austin prime and protect oily skin;cane and austin primer;cane and austin skincare review;drugstore skincare;review;skin care;skincare;skincare haul;skincare review;skincare routine,226,2,a58e7f0e5597d4f4f3c0a3a25a6b3c6ff69998e739fb96ef4380428ebe9b66e5,
2019-06-20,Masks,masks,T.L.C. Sukari Babyfacial Mask and Drunk Elephant Virgin Marulia Luxury Facial Oil Review,https://www.downsstyle.com/masks/2019/6/20/tlc-sukari-babyfacial-mask-review,collection:masks;sitemap,2020-03-04,200,https://www.downsstyle.com/masks/2019/6/20/tlc-sukari-babyfacial-mask-review,Chas Downs,baby facial drunk elephant;babyfacial;babyfacial drunk elephant;best drunk elephant products;drunk elephant;drunk elephant a passioni;drunk elephant a passioni retinol cream;drunk elephant acne;drunk elephant amazon;drunk elephant b hydra;drunk elephant baby facial;drunk elephant baby facial before and after;drunk elephant baby facial burns;drunk elephant baby facial reviews;drunk elephant babyfacial;drunk elephant babyfacial review;drunk elephant before and after;drunk elephant beste jelly cleanser;drunk elephant black friday;drunk elephant black friday 2019;drunk elephant bronzer;drunk elephant c firma;drunk elephant c firma day serum;drunk elephant c firma review;drunk elephant c tango;drunk elephant c tango multivitamin eye cream;drunk elephant c-firma day serum;drunk elephant careers;drunk elephant cleanser;drunk elephant cleansing balm;drunk elephant coupon;drunk elephant coupon code;drunk elephant cream;drunk elephant d bronzi;drunk elephant discount code;drunk elephant dupes;drunk elephant eye cream;drunk elephant eye serum;drunk elephant face wash;drunk elephant facial;drunk elephant facial oil;drunk elephant founder;drunk elephant framboos;drunk elephant fridge;drunk elephant glycolic night serum;drunk elephant hydration serum;drunk elephant instagram;drunk elephant jelly cleanser;drunk elephant kit;drunk elephant lala retro;drunk elephant lala retro whipped cream;drunk elephant lip balm;drunk elephant lippe balm;drunk elephant logo;drunk elephant marula oil;drunk elephant mask;drunk elephant minis;drunk elephant moisturizer;drunk elephant night serum;drunk elephant night serum before and after;drunk elephant oil;drunk elephant polypeptide;drunk elephant polypeptide cream;drunk elephant products;drunk elephant promo code;drunk elephant protini;drunk elephant protini polypeptide cream;drunk elephant protini review;drunk elephant retinol;drunk elephant retinol cream;drunk elephant retinol review;drunk elephant review;drunk elephant reviews;drunk elephant routine;drunk elephant sale;drunk elephant samples;drunk elephant serum;drunk elephant set;drunk elephant shaba complex eye serum;drunk elephant skin care;drunk elephant skincare;drunk elephant skincare routine;drunk elephant spf;drunk elephant sukari baby facial;drunk elephant sukari babyfacial review;drunk elephant sunscreen;drunk elephant sunshine drops;drunk elephant t.l.c. sukari babyfacial;drunk elephant the littles;drunk elephant tlc;drunk elephant tlc framboos;drunk elephant tlc sukari babyfacial;drunk elephant tlc sukari babyfacial review;drunk elephant trunk;drunk elephant umbra tinte;drunk elephant virgin marula oil;drunk elephant vitamin c;drunk elephant vitamin c serum;drunk elephant whipped cream;is drunk elephant cruelty free;is drunk elephant vegan;is drunk elephant worth it;protini drunk elephant;sephora drunk elephant;sunday riley vs drunk elephant;the drunk elephant;ulta drunk elephant;where to buy drunk elephant,279,2,11bdbabaea09e73ad42269153a477280f0aa9ff3378db137976db81eb04cd08b,
2019-06-21,Skincare,skincare,Fresh Sugar Strawberry Exfoliating Face Wash Review,https://www.downsstyle.com/skincare/2019/6/21/fresh-su,collection:skincare;sitemap,2019-06-23,200,https://www.downsstyle.com/skincare/2019/6/21/fresh-su,Chas Downs,face wash;fresh;fresh beauty;fresh beauty face wash;fresh beauty sugar strawberry exfoliating face wash;fresh beauty sugar strawberry face wash review;fresh sugar face polish dupe;fresh sugar strawberry exfoliating;fresh sugar strawberry exfoliating face wash;fresh sugar strawberry face wash;strawberry sugar exfoliating face wash;strawberry sugar scrub;sugar scrub;sugar strawberry exfoliating face wash,199,2,46793861960b980981912efedd1c5c691bd9c8fca9a46a16890771f0d5d77313,
2019-06-22,Skincare,skincare,AmorePacific Enzyme Cleansing Powder,https://www.downsstyle.com/skincare/2019/6/22/amorepacific-enzyme-cleansing-powder,collection:skincare;sitemap,2020-03-04,200,https://www.downsstyle.com/skincare/2019/6/22/amorepacific-enzyme-cleansing-powder,Chas Downs,amor pacific;amore pacific;amore pacific advent calendar;amore pacific age correcting foundation cushion;amore pacific age correcting foundation cushion in light medium;amore pacific brands;amore pacific careers;amore pacific cc cream;amore pacific cleanser;amore pacific color control;amore pacific company;amore pacific cosmetics;amore pacific cushion;amore pacific cushion compact;amore pacific cushion reviews;amore pacific enzyme;amore pacific enzyme peel;amore pacific eye essence review;amore pacific face wash;amore pacific foundation;amore pacific hair products;amore pacific hand cream;amore pacific hong kong;amore pacific moisturizer;amore pacific powder;amore pacific prime reserve review;amore pacific products;amore pacific radiance concentrator;amore pacific reviews;amore pacific sample set;amore pacific sephora;amore pacific shampoo;amore pacific skin care;amore pacific stock;amore pacific sulwhasoo;amore pacific sunscreen;amore pacific tinted moisturizer;amore pacific treatment enzyme peel;amore pacific vintage extract essence;amorepacific;amorepacific enzyme;amorepacific treatment enzyme peel;amorepacific treatment enzyme peeling masque;armore pacific enzyme peel;enzyme;enzyme peel;nordstrom amore pacific;powder cleanser;skincare;tatcha deep rice enzyme powder;tatcha rice enzyme powder review;tosowoong enzyme powder wash;treatment enzyme peel,235,2,b6c3ee01c38461b5292b9a1005cf202c9def7caf8f395f82289ad2d7a68f6a3c,
2019-06-25,Masks,masks,AmorePacific Treatment Peeling Masque Review,https://www.downsstyle.com/masks/2019/6/25/amorepacific-treatment-peeling-masque,collection:masks;sitemap,2019-07-10,200,https://www.downsstyle.com/masks/2019/6/25/amorepacific-treatment-peeling-masque,Chas Downs,amore pacific;amore pacific review;amore pacific treatment enzyme peel;amore pacific treatment enzyme peel review;amorepacific;amorepacific enzyme peel review;amorepacific treatment enzyme peel;amorepacific treatment enzyme peel review;amorepacific treatment enzyme peeling mask;amorepacific treatment enzyme peeling masque;how to apply amore pacific treatment peeling mask;how to apply amore pacific treatment peeling masque;how to use amore pacific treatment enzyme peel review;review;skincare review,249,2,956a0d645cbc80ba9b0b6ce3464db6d0a70685ebbcd89e012b9de7850c7b7c1f,
2019-06-27,Masks,masks,Algenist Alive Prebiotic Balancing Mask Review,https://www.downsstyle.com/masks/2019/6/27/algenist-prebiotic-balancing-mask-review,collection:masks;sitemap,2019-07-10,200,https://www.downsstyle.com/masks/2019/6/27/algenist-prebiotic-balancing-mask-review,Chas Downs,algenist;algenist alive;algenist alive face mask;algenist alive mask;algenist alive prebiotic balancing mask;algenist alive prebiotic balancing mask review + demo;algenist balancing;algenist cleanser review;algenist color changing mask;algenist gentle rejuvenating cleanser review;algenist mask;algenist mask review;algenist prebiotic balancing mask;algenist review;face mask;prebiotic skincare;skincare review,246,2,23a8a72a8b92790a019565f5a62f0eff8e32e471f543e7352958dfb55b9f2c8f,
2019-07-07,Skincare,skincare,Algenist MicroAlgae Skincare Review,https://www.downsstyle.com/skincare/2019/7/7/kzkcpyr4fgfyn69jllyzdz616hi1kw,collection:skincare;sitemap,2019-07-07,200,https://www.downsstyle.com/skincare/2019/7/7/kzkcpyr4fgfyn69jllyzdz616hi1kw,Chas Downs,algenist;algenist contouring cream reviews;algenist elevate cream review;algenist elevate review;algenist eye serum review;algenist liquid collagen;algenist liquid collagen review;algenist mask review;algenist review;algenist reviews;algenist serum;algenist skin care review;algenist skincare;algenist sleeping collagen reviews;review;skin care;skin care review;skincare;skincare review;skincare routine,317,2,131099cc4e8f4c89ad733e7fa7fc1c5f333c4353822e1e73edc3e783a3591c31,
2019-07-25,Skincare,skincare,Sephora Skincare Collection,https://www.downsstyle.com/skincare/2019/7/24/zzttit1p1icxx01hz6y6mrluktrpxv,collection:skincare;sitemap,2020-03-04,200,https://www.downsstyle.com/skincare/2019/7/24/zzttit1p1icxx01hz6y6mrluktrpxv,Chas Downs,affordable skincare;best clean skincare at sephora;best sephora skincare;best sephora skincare for acne;best sephora skincare products;best sephora skincare sets;best skincare at sephora;best skincare at sephora 2019;best skincare brand at sephora;best skincare brands at sephora;best skincare products from sephora;clean skincare;clean skincare sephora;cruelty free skincare at sephora;cruelty free skincare sephora;ddf skincare sephora;dior skincare sephora;dr brandt skincare sephora;dr dennis gross skincare sephora;foundation review;fragrance free skincare sephora;fresh skincare sephora;gluten free skincare at sephora;go to skincare sephora;goop skincare sephora;image skincare sephora;juara skincare sephora;korean skincare at sephora;korean skincare brands sephora;lancer skincare sephora;men's skincare sephora;ordinary skincare sephora;pai skincare sephora;primera skincare sephora;ren skincare sephora;review;sephora;sephora best sellers skincare;sephora cheap skincare;sephora clean skincare;sephora clean skincare line;sephora collection;sephora collection review;sephora collection skin care;sephora collection skin care products review;sephora collection skin care reviews;sephora collection skincare;sephora gift sets skincare;sephora haul;sephora kit review;sephora korean skincare;sephora skincare;sephora skincare box;sephora skincare brands;sephora skincare by age;sephora skincare collection;sephora skincare finder;sephora skincare kit review;sephora skincare review;sephora vegan skincare;skincare;skincare review;skincare routine;tula skincare sephora;vegan skincare at sephora;vegan skincare sephora;what is clean skincare at sephora,415,2,855750b1c6bfb182f8c0d795b30c24414b7793a7aa0d3006a6edd3c5a20d817e,
2019-08-04,Skincare,skincare,GlamGlow Good in Bed Review,https://www.downsstyle.com/skincare/2019/4/28/glamglow-good-in-bed-review,collection:skincare;sitemap,2020-03-03,200,https://www.downsstyle.com/skincare/2019/4/28/glamglow-good-in-bed-review,Chas Downs,best glamglow mask;glam glow mud mask review;glamglow;glamglow brightening mask;glamglow bubble mask;glamglow bubble sheet;glamglow charcoal mask;glamglow cleanser;glamglow clearing treatment;glamglow demo and review;glamglow dream duo;glamglow dupe;glamglow face mask;glamglow face wash;glamglow firming mask;glamglow flashmud;glamglow gentle bubble cleanser;glamglow glitter mask;glamglow glowstarter;glamglow glowstarter mega illuminating moisturizer;glamglow glowstarter review;glamglow good in bed;glamglow good in bed passionfruit night cream;glamglow good in bed review;glamglow good in bedtm passion fruit softening night cream;glamglow gravity mud;glamglow hydrating mask;glamglow illuminating moisturizer;glamglow instamud;glamglow lip plumper;glamglow mask;glamglow mask review;glamglow mask supermud;glamglow mega illuminating moisturizer;glamglow moisturizer;glamglow mud mask;glamglow powermud;glamglow review;glamglow reviews;glamglow sephora;glamglow star potion;glamglow starpotion;glamglow super serum;glamglow supercleanse;glamglow supermud;glamglow supermud clearing treatment;glamglow supermud dupe;glamglow supermud mask;glamglow supertoner;glamglow thirstymud;glamglow tropical cleanse;glamglow volcasmic;glamglow waterburst;glamglow youthmud;good in bed;good in bed glamglow;good in bed review;product review;review;sephora glamglow,406,2,4ee729a7b82520de37e7099bc09de6243459f0e5eae422816198433b0c045494,
2019-08-08,Masks,masks,Boscia Matcha Magic Mask,https://www.downsstyle.com/masks/2019/8/8/boscia-matcha-magic-mask,collection:masks;sitemap,2019-08-08,200,https://www.downsstyle.com/masks/2019/8/8/boscia-matcha-magic-mask,Chas Downs,boscia;boscia apple cider review;boscia black mask review;boscia mask;boscia mask review;boscia matcha;boscia matcha magic super-antioxidant mask;boscia matcha mask;boscia peel off mask review first impression;boscia review;boscia skincare;face mask;face mask review;green tea mask;mask;mask review;matcha;matcha magic mask;matcha mask;matcha mask review;peel off mask;review;skincare,261,2,405ad885814bfb352ecdbff5b559eabc6bfd83cb2c0f44ffa4b73bdc41241e86,
2019-08-08,Skincare,skincare,Boscia Full Skincare Haul,https://www.downsstyle.com/skincare/2019/8/8/boscia-full-skincare-haul,collection:skincare;sitemap,2020-03-04,200,https://www.downsstyle.com/skincare/2019/8/8/boscia-full-skincare-haul,Chas Downs,boscia;boscia baby soft foot peel;boscia bb cream;boscia beauty oil;boscia black charcoal mask;boscia black cleanser;boscia black hydration gel;boscia black mask;boscia black mask review;boscia blotting linens;boscia cactus water;boscia cactus water moisturizer;boscia cactus water moisturizer review;boscia charcoal;boscia charcoal cleanser;boscia charcoal jelly ball cleanser;boscia charcoal makeup melter;boscia charcoal mask;boscia charcoal pore pudding;boscia charcoal spot corrector;boscia clarifying detox mask;boscia cleanser;boscia cleansing gel;boscia cleansing gel review;boscia cleansing oil;boscia cleansing oil gel;boscia clear complexion cleanser;boscia clear complexion tonic;boscia cool cleansing oil;boscia costco;boscia detoxifying black charcoal cleanser;boscia detoxifying black cleanser;boscia exfoliating peel gel;boscia exfoliating peel gel review;boscia exfoliator;boscia eye cream;boscia face mask;boscia face wash;boscia facial cleanser;boscia foot peel;boscia gel to mousse cleanser;boscia green tea oil control mask;boscia green tea oil free moisturizer;boscia hydration gel;boscia indigo eye cream;boscia jelly ball;boscia luminizing black charcoal mask;boscia luminizing black mask;boscia luminizing black mask dupe;boscia luminizing black mask review;boscia luminizing pink mask;boscia makeup breakup;boscia makeup breakup cool cleansing oil;boscia makeup melter;boscia mask;boscia matcha magic super antioxidant mask;boscia matcha mask;boscia mermaid mask;boscia moisturizer;boscia oil;boscia peel;boscia peel gel;boscia peel off mask;boscia pink mask;boscia pore pudding;boscia pore strips;boscia primer;boscia products;boscia purifying cleansing gel;boscia review;boscia reviews;boscia rosehip omega face oil;boscia rosewater mist;boscia sake balm;boscia sake bright white mask;boscia sake cleansing water;boscia sake cleansing water review;boscia sake treatment water;boscia sephora;boscia setting spray;boscia skin perfecting bb cream;boscia skincare;boscia skincare review;boscia skincare sake treatment water;boscia toner;boscia tsubaki;boscia tsubaki beauty oil;boscia tsubaki cleansing oil gel;boscia tsubaki oil;boscia tsubaki splash mask;boscia tsubaki swirl;boscia ulta;high-end skincare review;is boscia cruelty free;review;skin;skin care;skincare;skincare review;skincare routine;ulta boscia,247,2,097c091b3f9d5489b2a0267819a412c4792b2dcf482a54ead3cb0d35f58b73be,
2019-09-10,Skincare,skincare,Peter Thomas Roth Skincare Haul,https://www.downsstyle.com/skincare/2019/9/10/peter-thomas-roth-skincare-haul,collection:skincare;sitemap,2020-03-04,200,https://www.downsstyle.com/skincare/2019/9/10/peter-thomas-roth-skincare-haul,Chas Downs,amazon peter thomas roth;best peter thomas roth products;haul;is peter thomas roth cruelty free;peter thomas roth;peter thomas roth 24k gold eye patches;peter thomas roth 24k gold mask;peter thomas roth 40 triple acid peel;peter thomas roth acne;peter thomas roth acne clearing gel;peter thomas roth acne clearing wash;peter thomas roth acne dots;peter thomas roth acne kit;peter thomas roth acne spot and area treatment;peter thomas roth acne system;peter thomas roth aha bha acne clearing gel;peter thomas roth amazon;peter thomas roth anti aging cleansing gel;peter thomas roth body lotion;peter thomas roth camu camu;peter thomas roth cc cream;peter thomas roth cleanser;peter thomas roth clinical skin care;peter thomas roth cloud cream;peter thomas roth coupon;peter thomas roth cruelty free;peter thomas roth cucumber detox;peter thomas roth cucumber eye patches;peter thomas roth cucumber gel mask;peter thomas roth exfoliating;peter thomas roth exfoliating gel;peter thomas roth exfoliator;peter thomas roth eye cream;peter thomas roth eye patches;peter thomas roth eyelash serum;peter thomas roth face mask;peter thomas roth face wash;peter thomas roth firmx;peter thomas roth firmx peeling gel;peter thomas roth glycolic acid;peter thomas roth gold eye patches;peter thomas roth gold mask;peter thomas roth green releaf;peter thomas roth hungarian thermal water;peter thomas roth hungarian thermal water mask;peter thomas roth hyaluronic acid;peter thomas roth hyaluronic cloud cream;peter thomas roth hydra gel eye patches;peter thomas roth instant firmx;peter thomas roth instant firmx eye;peter thomas roth irish moor mud;peter thomas roth irish moor mud mask;peter thomas roth jewelry;peter thomas roth lashes to die for;peter thomas roth lashes to die for turbo;peter thomas roth mascara;peter thomas roth mask;peter thomas roth mask frenzy;peter thomas roth mask set;peter thomas roth max complexion correction pads;peter thomas roth mega rich body lotion;peter thomas roth moisturizer;peter thomas roth pads;peter thomas roth peel;peter thomas roth peel pads;peter thomas roth peeling gel;peter thomas roth peptide 21;peter thomas roth potent c;peter thomas roth potent c power serum;peter thomas roth powder sunscreen;peter thomas roth products;peter thomas roth pumpkin enzyme mask;peter thomas roth retinol;peter thomas roth retinol fusion pm;peter thomas roth retinol fusion pm night serum;peter thomas roth review;peter thomas roth reviews;peter thomas roth rose stem cell;peter thomas roth rose stem cell cream;peter thomas roth rose stem cell mask;peter thomas roth sephora;peter thomas roth serum;peter thomas roth shampoo;peter thomas roth skin care;peter thomas roth skin to die for;peter thomas roth skincare;peter thomas roth skincare review;peter thomas roth sulfur mask;peter thomas roth sunscreen;peter thomas roth sunscreen powder;peter thomas roth toner;peter thomas roth un wrinkle;peter thomas roth un wrinkle lip;peter thomas roth un wrinkle pads;peter thomas roth un wrinkle peel pads;peter thomas roth vitamin c;peter thomas roth vitamin c serum;peter thomas roth water drench;peter thomas roth water drench hyaluronic cloud cream;peter thomas roth water drench hyaluronic cloud serum;peter thomas roth water drench moisturizer;peter thomas roth water drench serum;qvc peter thomas roth;skincare;skincare haul;ulta peter thomas roth,873,2,edda43871a3b0a9b63912ee4e716a0371499dfcfd19a0e3658d1ac76cf4a0e0f,
2019-09-24,Skincare,skincare,I Dew Skincare Review,https://www.downsstyle.com/skincare/2019/9/24/i-dew-skincare,collection:skincare;sitemap,2019-09-24,200,https://www.downsstyle.com/skincare/2019/9/24/i-dew-skincare,Chas Downs,disco kitten review;i dew care;i dew care berry groovy;i dew care disco kitten;i dew care face mask;i dew care face mask review;i dew care mask;i dew care mask review;i dew care masks review;i dew care mini scoops;i dew care review;i dew care sugar kitten;korean skincare;memebox i dew care;memebox review;review;skincare;skincare review;sugar kitten review,676,2,fa7791f0cf5ef88770c285eb2e49029772e579657bfa6f0c3c38af9a6d904dd0,
2019-09-26,Candles,new-blog,Nest Candles,https://www.downsstyle.com/new-blog/2018/6/30/nest-candles,collection:new-blog;homepage;sitemap,2019-11-02,200,https://www.downsstyle.com/new-blog/2018/6/30/nest-candles,Chas Downs,are nest candles good;are nest candles worth it;nest candles review;nest soy candles,251,2,aaef9fd722abb300455dff292a7a0507f455bccf00474378d723c5568be04e8c,
2019-10-04,Skincare,skincare,Sol De Janeiro Review,https://www.downsstyle.com/skincare/2019/10/4/sol-de-janeiro-review,collection:skincare;sitemap,2019-10-31,200,https://www.downsstyle.com/skincare/2019/10/4/sol-de-janeiro-review,Chas Downs,,337,2,0cca40a066486ec40899927d9082e25c079a8ee3466a6699e7253f670e255637,
2019-10-16,Skincare,skincare,Shea Moisture Skincare Review,https://www.downsstyle.com/skincare/2019/10/16/shea-moisture-skincare-review,collection:skincare;sitemap,2020-03-04,200,https://www.downsstyle.com/skincare/2019/10/16/shea-moisture-skincare-review,Chas Downs,cvs shea moisture;moisture;review;shea butter;shea butter face moisturizer;shea butter moisturizer;shea moisture;shea moisture 10 in 1;shea moisture african black soap;shea moisture african black soap clarifying mud mask;shea moisture african black soap mask;shea moisture african black soap review;shea moisture african black soap skin care kit;shea moisture argan oil;shea moisture baby lotion;shea moisture baby shampoo;shea moisture bar soap;shea moisture beard;shea moisture beard balm;shea moisture beard kit;shea moisture beard wash;shea moisture black castor oil;shea moisture black castor oil shampoo;shea moisture body lotion;shea moisture body scrub;shea moisture castor oil;shea moisture clarifying mud mask;shea moisture clarifying shampoo;shea moisture co wash;shea moisture coconut;shea moisture coconut and hibiscus shampoo;shea moisture coconut shampoo;shea moisture color creme;shea moisture curl and shine shampoo;shea moisture curl and style milk;shea moisture curl cream;shea moisture curl smoothie;shea moisture curl stretch pudding;shea moisture curling cream;shea moisture curling gel souffle;shea moisture curly hair;shea moisture dandruff shampoo;shea moisture deep treatment masque;shea moisture detangler;shea moisture eczema;shea moisture face mask;shea moisture face wash;shea moisture gel;shea moisture gift set;shea moisture green coconut and activated charcoal reviews;shea moisture hair;shea moisture high porosity;shea moisture jamaican black castor oil leave in conditioner;shea moisture jamaican black castor oil shampoo;shea moisture leave in;shea moisture leave in treatment;shea moisture manuka honey and yogurt;shea moisture manuka honey mask;shea moisture manuka honey shampoo;shea moisture mask;shea moisture masque;shea moisture men;shea moisture moisturizer;shea moisture mousse;shea moisture mud mask;shea moisture oil;shea moisture owner;shea moisture problem skin facial wash & scrub;shea moisture raw shea butter;shea moisture raw shea butter deep treatment masque;shea moisture raw shea butter moisture retention shampoo;shea moisture review;shea moisture reviews;shea moisture sale;shea moisture shampoo and conditioner;shea moisture shea butter;shea moisture skin care;shea moisture skin care review;shea moisture skincare;shea moisture smoothie;shea moisture soap;shea moisture superfruit;shea moisture walmart;sheamoisture 100 extra virgin coconut oil leave in treatment;sheamoisture african black bar soap;sheamoisture african black soap;sheamoisture african black soap clarifying mud mask;sheamoisture african black soap dandruff control shampoo;sheamoisture coconut & hibiscus co wash conditioning cleanser;sheamoisture coconut & hibiscus curl & shine conditioner;sheamoisture coconut & hibiscus curl & shine shampoo;sheamoisture coconut & hibiscus curl & style milk;sheamoisture coconut & hibiscus curl enhancing smoothie;sheamoisture coconut & hibiscus frizz free curl mousse;sheamoisture coconut & hibiscus hold & shine moisture mist;sheamoisture com;sheamoisture hair styling products;sheamoisture high porosity moisture seal masque;sheamoisture jamaican black castor oil;sheamoisture jamaican black castor oil srengthen grow & restore shampoo;sheamoisture jamaican black castor oil strengthen grow & restore conditioner;sheamoisture manuka honey & mafura oil intensive hydration hair masque;sheamoisture raw shea butter deep treatment masque;sheamoisture raw shea butter detangler;sheamoisture raw shea butter moisture retention shampoo;sheamoisture shampoo & conditioner;sheamoisture superfruit complex 10 in 1 renewal system hair masque;skincare;target shea moisture;walgreens shea moisture,531,2,3307ede305c1dfafdd96bdae182f0005174afeb7d743e1064223fdb3ffb90961,
2019-12-02,Skincare,skincare,Glamglow Review,https://www.downsstyle.com/skincare/2019/12/2/yoipa7z83s10ghhwfagm1q3kcpc7tn,collection:skincare;sitemap,2020-03-03,200,https://www.downsstyle.com/skincare/2019/12/2/yoipa7z83s10ghhwfagm1q3kcpc7tn,Chas Downs,best glamglow mask;glam glow;glam glow review;glamglow;glamglow brightening mask;glamglow bubble mask;glamglow bubble sheet;glamglow cbd;glamglow cbd moisturizer;glamglow charcoal mask;glamglow cleanser;glamglow clearing treatment;glamglow dream duo;glamglow dupe;glamglow face mask;glamglow face wash;glamglow firming mask;glamglow flashmud;glamglow gentle bubble cleanser;glamglow glitter mask;glamglow glowstarter;glamglow glowstarter mega illuminating moisturizer;glamglow glowstarter review;glamglow good in bed;glamglow gravity mud;glamglow honest review;glamglow hydrating mask;glamglow illuminating moisturizer;glamglow instamud;glamglow lip plumper;glamglow mask;glamglow mask review;glamglow mask supermud;glamglow mega illuminating moisturizer;glamglow moisturizer;glamglow mud mask;glamglow mud mask review;glamglow powermud;glamglow review;glamglow review & demo;glamglow reviews;glamglow sephora;glamglow star potion;glamglow starpotion;glamglow super serum;glamglow supercleanse;glamglow supermud;glamglow supermud clearing treatment;glamglow supermud clearing treatment review;glamglow supermud dupe;glamglow supermud mask;glamglow supermud mask review;glamglow supertoner;glamglow thirstymud;glamglow tropical cleanse;glamglow volcasmic;glamglow waterburst;glamglow youthmud;product review;review;sephora glamglow,291,2,3127bd90b9f129604df750a7d2987c131b9c340537ec56ca7a71419c3dc23a92,
2020-02-11,Skincare,skincare,Kielh's Healthy Skin Squad Skincare Review,https://www.downsstyle.com/skincare/2020/2/8/kielhs-healthy-skin-squad-skincare-review,collection:skincare;sitemap,2020-03-03,200,https://www.downsstyle.com/skincare/2020/2/8/kielhs-healthy-skin-squad-skincare-review,Chas Downs,beauty review;best kiehls products;clear skin;everyday skincare for acne prone skin;everyday skincare for clear skin;healthy skin;is kiehl's cruelty free;kiehl's;kiehl's age defender;kiehl's avocado eye cream;kiehl's calendula;kiehl's calendula toner;kiehl's clearly corrective dark spot solution;kiehl's creamy eye treatment with avocado;kiehl's creme de corps;kiehl's daily reviving concentrate;kiehl's dark spot corrector;kiehl's face wash;kiehl's lotion;kiehl's mask;kiehl's midnight recovery concentrate;kiehl's midnight recovery eye;kiehl's moisturizer;kiehl's near me;kiehl's powerful strength line reducing concentrate;kiehl's sephora;kiehl's serum;kiehl's shampoo;kiehl's skin care;kiehl's store;kiehl's super multi corrective cream;kiehl's toner;kiehl's ultra facial cleanser;kiehl's ultra facial cream;kiehl's ultra facial moisturizer;kiehl's vitamin c;kiehl's vitamin c serum;kiehls butterstick;kiehls coupon;kiehls creamy eye treatment;kiehls eye cream;kiehls face cream;kiehls facial fuel;kiehls gift sets;kiehls hand cream;kiehls lip balm;kiehls mask;kiehls midnight recovery;kiehls midnight recovery oil;kiehls musk;kiehls nyc;kiehls products;kiehls promo code;kiehls skin care;kiehls sunscreen;makeup revolution skincare review;neecie's skincare review;oily skin;review;reviews;revolution skincare review;sheroscience skincare routine;skin care;skin care products;skin care routine;skincare;skincare review;skincare review channel;skincare routine;skincare routine 2018;the skin squad,295,2,09b95104f6cff96dba5ce265a0f64164b932ae80785db18dd90f76a95865f796,
2020-02-20,Skincare,skincare,Sunday Riley Power Couple Trio Review,https://www.downsstyle.com/skincare/2020/2/20/sunday-riley-power-couple-trio-review,collection:skincare;sitemap,2020-03-03,200,https://www.downsstyle.com/skincare/2020/2/20/sunday-riley-power-couple-trio-review,Chas Downs,best sunday riley products;ceo glow sunday riley;ceo sunday riley;sephora sunday riley;skincare sunday riley;sunday riley;sunday riley a+;sunday riley a+ high dose retinoid serum;sunday riley a+ high dose retinol serum;sunday riley a+ retinol;sunday riley auto correct;sunday riley box;sunday riley ceo;sunday riley ceo cream;sunday riley ceo glow;sunday riley ceo glow oil;sunday riley ceo moisturizer;sunday riley ceo serum;sunday riley ceramic slip;sunday riley ceramic slip cleanser;sunday riley eye cream;sunday riley good genes;sunday riley good genes all in one lactic acid treatment;sunday riley good genes dupe;sunday riley good genes review;sunday riley good genes treatment;sunday riley ice ceramide moisturizing cream;sunday riley juno;sunday riley lactic acid;sunday riley luna;sunday riley luna oil;sunday riley luna review;sunday riley luna sleeping night oil;sunday riley modern skincare;sunday riley modern skincare llc;sunday riley moisturizer;sunday riley night oil;sunday riley oil;sunday riley power couple;sunday riley products;sunday riley retinol;sunday riley reviews;sunday riley sale;sunday riley serum;sunday riley skincare;sunday riley skincare products;sunday riley skincare regimen;sunday riley skincare reviews;sunday riley skincare routine;sunday riley skincare set;sunday riley subscription box;sunday riley tidal;sunday riley tidal brightening enzyme water cream;sunday riley ufo;sunday riley ufo oil;sunday riley ufo review;sunday riley vitamin c;sunday riley vitamin c cream,453,2,1ff257ce327b10c07bdd89abfdb04869f5238c4253dd661f50d39a79f2cf5a36,
2020-03-03,Skincare,skincare,Dior Skincare Review,https://www.downsstyle.com/skincare/2020/3/3/dior-skincare-review,collection:skincare;sitemap,2020-03-22,200,https://www.downsstyle.com/skincare/2020/3/3/dior-skincare-review,Chas Downs,christian dior skincare reviews;dior;dior beauty;dior capture youth;dior dream skin review;dior foundation review;dior homme skincare;dior makeup;dior makeup review;dior men skincare;dior prestige skincare;dior review;dior skin care;dior skincare;dior skincare 2019;dior skincare capture youth;dior skincare dreamskin;dior skincare foundation;dior skincare gift set;dior skincare nordstrom;dior skincare prestige;dior skincare products;dior skincare review;dior skincare routine;dior skincare sale;dior skincare sephora;dior skincare workshop;dior total youth skincare ritual;drunk elephant skincare review;high end skincare;luxury skincare;nordstrom dior skincare;review;skin care review;skincare;skincare experiment;skincare review;skincare review and unboxing;skincare routine;skincare routines,596,2,f0b7da3a6a8b8b42c6695ac338f421e457fe90517f736d1803a60d6e0c07b6a8,
2020-03-09,Look Book,look-book,Outfit Inspo,https://www.downsstyle.com/look-book/2020/3/9/outfit-inspo,collection:look-book;sitemap,2020-03-30,200,https://www.downsstyle.com/look-book/2020/3/9/outfit-inspo,Chas Downs,,99,7,e1480fb0a79a998aab5e78f83699fbd94bd96f72bb965bf79cee524e61355368,
2020-03-09,Masks,masks,Zombie Pack Egg Tightening Mask?,https://www.downsstyle.com/masks/2020/3/9/ncngcav0usq8d48u986708xjlbr8xj,collection:masks;sitemap,2020-03-09,200,https://www.downsstyle.com/masks/2020/3/9/ncngcav0usq8d48u986708xjlbr8xj,Chas Downs,face mask;grandma mask vs zombie mask;hanacure mask;hanacure vs zombie pack;mask;mask pack;masker zombie pack;monster zombie face mask;reviewing zombie face mask;skin1004 zombie mask;skin1004 zombie pack;trying out zombie face mask;zombie;zombie face mask;zombie face mask review;zombie mask;zombie mask pack;zombie pack;zombie pack diamond;zombie pack diamond mask;zombie pack mask;zombie pack vs hanacure,261,2,85c1950c93c532623722ec883d9e603b28c7f05944ed0b8529ebd24ec2983d73,
2020-03-09,Skincare,skincare,Murad Vitamin C Line is it even from an Orange?,https://www.downsstyle.com/skincare/2020/3/9/e0hh55enl2ljrxp0a228awsizmwrui,collection:skincare;sitemap,2020-03-22,200,https://www.downsstyle.com/skincare/2020/3/9/e0hh55enl2ljrxp0a228awsizmwrui,Chas Downs,affordable vitamin c serum;cerave vitamin c;cerave vitamin c serum;dr dray vitamin c serum;murad;murad cleanser;murad esenciales vitamina c;murad moisturizer;murad para las manchas;murad products;murad review;murad skincare;murad vitamin c;murad vitamin c facial;murad vitamin c moisturizer;review serum vitamin c;review vitamin c;vit c;vitamin;vitamin c;vitamin c serum;vitamin c serum murad,281,2,80cb1396e678a20f64176aa7531bc619b7c62c15e1243e5475e4f0034966ba1a,
2020-03-10,Skincare,skincare,Lancome Skincare Review,https://www.downsstyle.com/skincare/2018/8/23/lancome-moisturizer,collection:skincare;sitemap,2020-03-22,200,https://www.downsstyle.com/skincare/2018/8/23/lancome-moisturizer,Chas Downs,lancome;lancome cream review;lancome genifique review;lancome night creme review;lancome products;lancome review;lancome skin care;lancome skin care reviews;lancome skincare;lancome skincare review;lancome skincare review 2019;lancome skincare reviews;lancome skincare routine;lancome skincare set;lancome teint idole;lancome toner;lancôme (business operation);review;skin care;skincare;skincare review;skincare routine,292,2,7e4f6fb8cd7072adbac1deb32a1e68c7ef6bfeb83dedeff542f4bf309d9417d7,
2020-03-11,Skincare,skincare,Caudalie Skincare Review,https://www.downsstyle.com/skincare/2020/3/10/ml8yudguw8a5kzdm5hfgwv3drb91ir,collection:skincare;sitemap,2020-04-18,200,https://www.downsstyle.com/skincare/2020/3/10/ml8yudguw8a5kzdm5hfgwv3drb91ir,Chas Downs,,348,2,3dd71cd45d5d3450bff0f264967353bb3f987017dd577da4679ccb613314de1c,
2020-03-12,Skincare,skincare,Youth to the People Skincare Review,https://www.downsstyle.com/skincare/2020/3/12/3qh2vgeu7qqefe8avektggt7uil4za,collection:skincare;sitemap,2020-04-18,200,https://www.downsstyle.com/skincare/2020/3/12/3qh2vgeu7qqefe8avektggt7uil4za,Chas Downs,youth to the people;youth to the people adaptogen deep moisture cream;youth to the people brand review;youth to the people cleanser;youth to the people dream mask;youth to the people oil;youth to the people review;youth to the people skincare;youth to the people skincare review;youth to the people superberry oil;youth to the people superfood cleanser;youth to the people toner,238,2,dafaa3da442587033312f919b1fa7349d7fb07176d485e16db31a03b3e78233b,
2020-03-13,Skincare,skincare,Farmacy Skincare Review,https://www.downsstyle.com/skincare/2020/3/13/h8z0c8vsgl7s8i0hfbhuf2cpqzswm4,collection:skincare;sitemap,2020-04-18,200,https://www.downsstyle.com/skincare/2020/3/13/h8z0c8vsgl7s8i0hfbhuf2cpqzswm4,Chas Downs,cream farmacy skincare;farmacy;farmacy beauty;farmacy clean bee review;farmacy honey potion;farmacy moisturizer review;farmacy review;farmacy reviews;farmacy skin care review;farmacy skin dew review;farmacy skincare;farmacy skincare reddit;farmacy skincare review;farmacy skincare routine;korean skincare;natural skincare;review;reviews;skin care;skin care review;skincare;skincare review;skincare routine,354,2,ce90736f5cb7b8bd408dbb6c4fbbc7c44919a755682f83dcce8e6cb3fafd591e,
2020-03-14,Look Book,look-book,Spring Outfit Inspo,https://www.downsstyle.com/look-book/2020/3/14/vdk84jqyb4m64t44jtz02x6whx7m8z,collection:look-book;sitemap,2020-03-14,200,https://www.downsstyle.com/look-book/2020/3/14/vdk84jqyb4m64t44jtz02x6whx7m8z,Chas Downs,,78,7,c007865f08c0e45fc8ed26db84e7759107b2a28227b2f076e71748d01ee97976,
2020-03-14,Skincare,skincare,The Inkey List Skincare Review,https://www.downsstyle.com/skincare/2020/3/10/zjl460v3b2d2xqux4oqughfc4xm3u0,collection:skincare;sitemap,2020-03-22,200,https://www.downsstyle.com/skincare/2020/3/10/zjl460v3b2d2xqux4oqughfc4xm3u0,Chas Downs,inkey list;inkey list q10;inkey list retinol;inkey list retinol review;inkey list review;inkey list vs the ordinary;review;the inkey list;the inkey list hyaluronic acid serum;the inkey list polyglutamic acid;the inkey list retinol;the inkey list retinol face serum;the inkey list retinol review;the inkey list review;the inkey list skincare;the inkey list skincare review,276,2,f0a86cb2053f20a98be88f79f5cc54fcfe9176fb6d4850c16537cebc63b68803,
2020-03-15,Skincare,skincare,First Aid Beauty Skincare Review,https://www.downsstyle.com/skincare/2020/3/15/first-aid-beauty-skincare-review,collection:skincare;sitemap,2020-03-22,200,https://www.downsstyle.com/skincare/2020/3/15/first-aid-beauty-skincare-review,Chas Downs,beauty;first aid beauty;first aid beauty face cleanser;first aid beauty micellar review;first aid beauty moisturizer;first aid beauty review;first aid beauty reviews;first aid beauty skincare;first aid beauty skincare review;first aid beauty tinted moisturizer;first aid beauty ultra repair cream;first aid beauty ultra repair face moisturizer;review;skincare;skincare review;skincare routine,459,2,50c29aff75c86083e2d6daa4326c0762e84fa6a0bfc0151771f0ec1610b0e3f0,
2020-03-15,Skincare,skincare,Lord Jones Royal Oil CBD Serum Review,https://www.downsstyle.com/skincare/2020/3/15/lord-jones-royal-oil-cbd-serum-review,collection:skincare;sitemap,2020-03-18,200,https://www.downsstyle.com/skincare/2020/3/15/lord-jones-royal-oil-cbd-serum-review,Chas Downs,,207,2,88e0a30008aa16e6d463332d301d79eda0d1fed4a0a3e49913eceef17842469a,
2020-03-15,Travel,travel,CoronaVirus Essentials,https://www.downsstyle.com/travel/2020/3/15/coronavirus,collection:travel;sitemap,2020-03-15,200,https://www.downsstyle.com/travel/2020/3/15/coronavirus,Chas Downs,,229,2,59227b0655fdb227b50949a8943d05c7eceb309129bdbbe196ce2a58f16ea7fd,
2020-03-17,Skincare,skincare,Laneige Skincare Review,https://www.downsstyle.com/skincare/2020/3/17/y386tpvylmqzy1lqjg6lixehmxjepw,collection:skincare;sitemap,2020-03-22,200,https://www.downsstyle.com/skincare/2020/3/17/y386tpvylmqzy1lqjg6lixehmxjepw,Chas Downs,is laneige organic;is laneige worth it;laneige ingredients review;laneige natural?;laneige review;laneige skincare;laneige skincare review,307,2,a2d653fd5263050513f81358f0e354014013b3078205760cb209a7b6232de17a,
2020-04-18,Masks,masks,Farmacy Vitamin C Mask Review,https://www.downsstyle.com/masks/2020/4/18/farmacy-vitamin-c-mask-review,collection:masks;sitemap,2020-04-18,200,https://www.downsstyle.com/masks/2020/4/18/farmacy-vitamin-c-mask-review,Chas Downs,,218,2,be6a0dcb0f3f2a4c8aafdd4a6577883f0f72fc4070e88fbff8c79edc234d3335,
2020-04-18,Masks,masks,Youth To The People Superberry Mask Review,https://www.downsstyle.com/masks/2020/4/18/youth-to-the-people-superberry-mask-review,collection:masks;sitemap,2020-05-01,200,https://www.downsstyle.com/masks/2020/4/18/youth-to-the-people-superberry-mask-review,Chas Downs,,160,2,1c8bf3b9e00ee6996e73cc1eb03aed23764ea621d1ff62a348d9b00107272aac,
2020-04-20,Masks,masks,First Aid Beauty Purifying Mask Review,https://www.downsstyle.com/masks/2020/4/18/first-aid-beauty-purifying-mask-review,collection:masks;homepage;sitemap,2020-04-20,200,https://www.downsstyle.com/masks/2020/4/18/first-aid-beauty-purifying-mask-review,Chas Downs,,165,2,6ed6bee7bd10a5ec5335bd12e6b6d107907085ffb603f7e904dc1012bceea7ef,
2020-04-28,Workouts/Diet,workoutsdiet,My Workout Routine,https://www.downsstyle.com/workoutsdiet/2017/12/6/my-workout-routine,collection:workoutsdiet;sitemap,2020-04-28,200,https://www.downsstyle.com/workoutsdiet/2017/12/6/my-workout-routine,Chas Downs,,407,2,bcc5c75474aff46d193af4079c67c5a86ef3ba2a68e6a291d7207ea3a9a5ff8a,
2020-05-01,Candles,new-blog,Tom Ford Candles,https://www.downsstyle.com/new-blog/2020/4/28/tom-ford-candles-1,collection:new-blog;homepage;sitemap,2020-05-01,200,https://www.downsstyle.com/new-blog/2020/4/28/tom-ford-candles-1,Chas Downs,,170,2,7f1e3f2080e589fdebf2af225937a9b61a22c976306454ab41cd9fef1be3d810,
2020-05-03,Skincare,skincare,Earth To Skin Review,https://www.downsstyle.com/skincare/2020/5/3/i9l4nicj556zy15qbm63nvm93srz4i,collection:skincare;sitemap,2020-05-06,200,https://www.downsstyle.com/skincare/2020/5/3/i9l4nicj556zy15qbm63nvm93srz4i,Chas Downs,earthtoskin,292,2,4300a0645b6822be943fc95e71c4c86299f72c508a6e827b1347e3835ee72c11,
2020-05-05,Skincare,skincare,Harry's Skincare Review,https://www.downsstyle.com/skincare/2020/5/5/harrys-skincare-review,collection:skincare;sitemap,2020-05-06,200,https://www.downsstyle.com/skincare/2020/5/5/harrys-skincare-review,Chas Downs,,315,2,4531b17ae8fc708bed656de0d33b81079022971aff1b631198a5530bb3cbad0e,
2020-05-06,Skincare,skincare,La Mer Skincare Review,https://www.downsstyle.com/skincare/2020/4/28/la-mer-skincare-review,collection:skincare;sitemap,2020-05-06,200,https://www.downsstyle.com/skincare/2020/4/28/la-mer-skincare-review,Chas Downs,,726,2,6dbdaad643e3a0f9bf5a24fc86a3ed1708cfdba974e404ac6b88dd30c01aead5,
2020-05-07,Skincare,skincare,Sisley Black Rose Precious Serum Review,https://www.downsstyle.com/skincare/2020/5/6/sisley-black-rose-precious-serum,collection:skincare;sitemap,2020-05-07,200,https://www.downsstyle.com/skincare/2020/5/6/sisley-black-rose-precious-serum,Chas Downs,,261,2,3cd944be480364ed55884e92429091c8349b64f58cbf530cfdc3f170e3c22d05,
2020-05-08,Skincare,skincare,Burts Bees Skincare Review,https://www.downsstyle.com/skincare/2020/5/8/burts-bees-skincare-review,collection:skincare;sitemap,2020-05-13,200,https://www.downsstyle.com/skincare/2020/5/8/burts-bees-skincare-review,Chas Downs,,453,1,356238930cdf0fe60d32632efbaf55cc09f608b97cd5dba5a44c80464e1c4b86,
2020-05-10,Skincare,skincare,Honest Beauty/Company Skincare Review,https://www.downsstyle.com/skincare/2020/5/10/honest-beautycompany-skincare-review,collection:skincare;sitemap,2020-05-11,200,https://www.downsstyle.com/skincare/2020/5/10/honest-beautycompany-skincare-review,Chas Downs,,354,2,d7a30a363c28dd879f65473dc11245b2f65557427595e1659ef9612ac3fbda94,
2020-05-11,Skincare,skincare,La Roche-Posay Skincare Review,https://www.downsstyle.com/skincare/2020/5/11/la-roche-posay-skincare-review,collection:skincare;sitemap,2020-05-22,200,https://www.downsstyle.com/skincare/2020/5/11/la-roche-posay-skincare-review,Chas Downs,,426,2,480e7dd7ae3d65457c2f568a3f1065d478d0056e3a5dddb18ffc9d1b76f5602c,
2020-05-12,Skincare,skincare,Bliss Brightening Skincare Review,https://www.downsstyle.com/skincare/2020/5/12/bliss-brightening-skincare-review,collection:skincare;sitemap,2020-05-22,200,https://www.downsstyle.com/skincare/2020/5/12/bliss-brightening-skincare-review,Chas Downs,bliss;bliss products;bliss renew and smooth serum;bliss renew serum review;bliss review;bliss skin care;bliss skin care products reviews;bliss skin care review;bliss skincare;bliss skincare product reviews;bliss skincare reveiw;bliss skincare review;bliss skincare reviews;bliss skincare set;bliss skincare target;bliss what a melon mask review;drugstore skincare;review;skincare;skincare review;skincare routine,396,2,d32df56aee602a655b75f23642378e0d06211e39669c4043d893706676dc70f0,
2020-05-13,Skincare,skincare,Tom Ford Research Skincare Review,https://www.downsstyle.com/skincare/2020/5/13/tom-ford-skincare-review-1,collection:skincare;sitemap,2020-05-22,200,https://www.downsstyle.com/skincare/2020/5/13/tom-ford-skincare-review-1,Chas Downs,is tom ford research skincare worth the price;review;skincare;tom ford;tom ford badass review;tom ford beauty;tom ford eyeshadow review;tom ford for men;tom ford for men review;tom ford luxury skincare;tom ford makeup;tom ford research creme concentrate;tom ford research results;tom ford research review;tom ford skincare;tom ford skincare for men;tom ford skincare review,529,2,861b11b771f521348317818f5a489a31a4cc89ad28d4e1cb05658eee1311e53e,
2020-05-23,Skincare,skincare,KORA Organics Skincare Review,https://www.downsstyle.com/skincare/2020/5/23/kora-organics-skincare-review,collection:skincare;sitemap,2020-05-26,200,https://www.downsstyle.com/skincare/2020/5/23/kora-organics-skincare-review,Chas Downs,best organic skincare;certified organic skincare;clean skincare review;clean skincare sephora review;kora organics;kora organics brand review;kora organics noni bright vitamin c serum review;kora organics noni glow face oil;kora organics review;kora organics serum review;kora organics skincare;kora organics skincare review;kora organics vitamin c serum;organic;organic skincare;organics;organics skincare;review;skincare;skincare review;skincare routine;tatcha skincare review,503,2,1e19c418ba5f5232332097c664f41bcf89ab85ab4b627293bf9fb646fee6e10d,
2020-05-24,Masks,masks,KORA Organics Noni Glow Sleeping Mask,https://www.downsstyle.com/masks/2020/5/24/kora-organics-noni-glow-sleeping-mask,collection:masks;homepage;sitemap,2020-05-24,200,https://www.downsstyle.com/masks/2020/5/24/kora-organics-noni-glow-sleeping-mask,Chas Downs,,286,2,799c990d77bea42010f476cfef8bdd3762549226b4ca7789d40c0fd135d0b385,
2020-05-25,Skincare,skincare,Aveeno Skincare Review,https://www.downsstyle.com/skincare/2020/5/25/8ar4dg2ytpyxe79m06gr5vzl4c43mj,collection:skincare;sitemap,2020-05-26,200,https://www.downsstyle.com/skincare/2020/5/25/8ar4dg2ytpyxe79m06gr5vzl4c43mj,Chas Downs,,405,2,bf7d54add3f4a177efa67c97903a43e00698c9423b95fd0ba5d7ced35c49cf10,
2020-05-26,Skincare,skincare,Olay Regenerist Skincare Review,https://www.downsstyle.com/skincare/2020/5/26/olay-regenerist-skincare-review,collection:skincare;sitemap,2020-05-27,200,https://www.downsstyle.com/skincare/2020/5/26/olay-regenerist-skincare-review,Chas Downs,,497,2,55b08c03b9aa45c7ef81bfb31bcd62e50e5f6e9577508c297f2a20aab7130e45,
2020-05-29,Skincare,skincare,The Ordinary Skincare Review,https://www.downsstyle.com/skincare/2020/5/28/the-ordinary-skincare-review,collection:skincare;sitemap,2020-05-29,200,https://www.downsstyle.com/skincare/2020/5/28/the-ordinary-skincare-review,Chas Downs,,471,2,df63ce3a55c401bd66e1e7462c4814c42c0ca6f795d84298c899262d62c2d6ae,
2020-06-11,Skincare,skincare,Edible Beauty Skincare Review,https://www.downsstyle.com/skincare/2020/6/11/edible-beauty-skincare-review,collection:skincare;sitemap,2020-06-11,200,https://www.downsstyle.com/skincare/2020/6/11/edible-beauty-skincare-review,Chas Downs,can I actually eat edible beauty skincare;can you eat edible beauty,623,2,a05f197854c23a3d786cd6ff7a3e0199b85d25cf67b62f190af57efaa9b8254c,
2020-07-01,Eat,new-blog-2,Best Places to Eat in Miami,https://www.downsstyle.com/new-blog-2/2018/4/28/best-places-to-eat-in-miami,collection:new-blog-2;sitemap,2022-01-19,200,https://www.downsstyle.com/new-blog-2/2018/4/28/best-places-to-eat-in-miami,Chas Downs,,387,17,b502d1bd49cafa4f065b821eb3c618faf749047ca23e39fdba6a78cd0ca8b02f,
2020-07-01,Eat,new-blog-2,My favorite smoothie recipes,https://www.downsstyle.com/new-blog-2/2020/7/1/my-favorite-smoothie-recipes,collection:new-blog-2;sitemap,2020-07-01,200,https://www.downsstyle.com/new-blog-2/2020/7/1/my-favorite-smoothie-recipes,Chas Downs,,177,5,2b055fe859ee5f5a51c139ef00fce25f9ebdbc8659959481148dd56158d3cf3f,
2020-07-05,Skincare,skincare,SkinFix Vegan Skincare Review,https://www.downsstyle.com/skincare/2020/7/3/skinfix-vegan-skincare-review,collection:skincare;sitemap,2020-07-07,200,https://www.downsstyle.com/skincare/2020/7/3/skinfix-vegan-skincare-review,Chas Downs,skinfix correct reviews;skinfix redness recovery reviews;skinfix reviews;skinfix scrub reviews;skinfix serum reviews;skinfix vegan skincare;skinfix vegan skincare review,516,2,0dd417d4facdb680e8f66eda0a86c6eb7bee6df3c66ba13ef54baa593eb1de00,
2020-07-27,Candles,new-blog,Beeswax Candles and why you need to make a switch,https://www.downsstyle.com/new-blog/2020/7/27/beeswax-candles-and-why-you-need-to-make-a-switch,collection:new-blog;homepage;sitemap,2023-06-27,200,https://www.downsstyle.com/new-blog/2020/7/27/beeswax-candles-and-why-you-need-to-make-a-switch,Chas Downs,3 sided angel lantern with flameless candle by homereflections;bath and body works candles;beans and rice;candle;candle empties;candle haul;candle impressions;candle impressions 23;candle magic;candle trash;candles;candles & scents;cinnamon;cinnamon cabin;cinnamon candle;cinnamon candles;euphoric eucalyptus;euphoric eucalyptus candle;homeworx candles;jasmine blossom;jasmine blossom candle;jasmine candle;kringle candles;lavender;lavender candle;lavitate;lavitate candle;luminara set of (4) flameless unscented candles with remotes;peppermind;peppermind candle;peppermint candle;rose thorn;rose thorn candle;rose thorn canlde;sephora sale recommendations;seven deadly sins grand cross;seven deadly sins: grand cross;sultry sandalwood;sultry sandalwood candle;transcend;transcend cosmetics;transcend cosmetics candle;transcend cosmetics essential oil;vanilla candle;vanilla vacay;vanilla vacay candle,275,3,9fdbae7e6d2eef163b641318e35568159369654b35ad76a01abb73d5c1a38fa5,
2020-07-27,Look Book,look-book,Summer Outfits I love,https://www.downsstyle.com/look-book/2020/7/27/summer-outfits-i-love,collection:look-book;sitemap,2020-08-11,200,https://www.downsstyle.com/look-book/2020/7/27/summer-outfits-i-love,Chas Downs,summer lookbook;summer outfits,119,9,a58372abbdce911d8c1432bbc7de4fbb4319446290946f218f82a137d42fb157,
2020-07-27,Skincare,skincare,Tata Harper Skincare Review,https://www.downsstyle.com/skincare/2020/7/27/tata-harper-skincare-review,collection:skincare;sitemap,2023-06-26,200,https://www.downsstyle.com/skincare/2020/7/27/tata-harper-skincare-review,Chas Downs,,596,2,d17060bb1aba20ecec799830398d11f64029597eb54c886724c02b020918ec96,
2020-07-30,Skincare,skincare,Glow Recipe Skincare Review,https://www.downsstyle.com/skincare/2020/7/30/3gxxvcdsyd8wp37y7amv274q8i553d,collection:skincare;sitemap,2020-07-31,200,https://www.downsstyle.com/skincare/2020/7/30/3gxxvcdsyd8wp37y7amv274q8i553d,Chas Downs,,411,2,8f7510c0a8bf0e3c9873da88729d9450c70e197480ebe20a828916d046cda805,
2020-08-03,Skincare,skincare,Self/ish Skincare,https://www.downsstyle.com/skincare/2020/8/3/selfish-skincare,collection:skincare;sitemap,2020-08-04,200,https://www.downsstyle.com/skincare/2020/8/3/selfish-skincare,Chas Downs,,223,1,90b064ac00f41d93f5b5924b70667fb2f615e54aa6404ff7c50b3f2f23a97e45,
2020-08-06,Look Book,look-book,Bathing Suits you need to check out,https://www.downsstyle.com/look-book/2020/8/6/bathing-suits-you-need-to-check-out,collection:look-book;sitemap,2020-08-11,200,https://www.downsstyle.com/look-book/2020/8/6/bathing-suits-you-need-to-check-out,Chas Downs,bathing suits men;best mens bathing suits;best swim trunks;trunks men;trunks men for summer,119,9,8721ce08f332a012a355c620053e0712bf82fd655bd1448195adbb0087ebd926,
2020-08-11,Look Book,look-book,Express Haul #ad,https://www.downsstyle.com/look-book/2020/8/7/express-haul-ad,collection:look-book;sitemap,2020-08-15,200,https://www.downsstyle.com/look-book/2020/8/7/express-haul-ad,Chas Downs,,199,7,caafd86ecabd36da7130b97e98f9343b10b790f0ecd22a8ed821cbb811122890,
2020-08-12,Masks,masks,Transcend Cosmetics Hydrating and Reparative Mask,https://www.downsstyle.com/masks/2020/8/12/transcend-cosmetics-hydrating-and-reparative-mask,collection:masks;homepage;sitemap,2020-08-12,200,https://www.downsstyle.com/masks/2020/8/12/transcend-cosmetics-hydrating-and-reparative-mask,Chas Downs,Transcend Cosmetics Hydrating & Reparative Mask;Transcend Cosmetics Hydrating and Reparative Mask;Transcend Cosmetics Hydrating and Reparative Mask does it actually repair;Transcend Cosmetics Hydrating and Reparative Mask ingredients;Transcend Cosmetics Hydrating and Reparative Mask is it worth it;Transcend Cosmetics Hydrating and Reparative Mask review,324,2,6eab2ce4c7fe9a9e2c9046635f5f32506eaa9918283c87719502a09c3a452a1d,
2020-08-12,Skincare,skincare,Juice Beauty Skincare Review,https://www.downsstyle.com/skincare/2020/8/12/juice-beauty,collection:skincare;sitemap,2020-08-12,200,https://www.downsstyle.com/skincare/2020/8/12/juice-beauty,Chas Downs,,682,2,af066487c03f5d8d4d310956d50d9f335bc97b7243a04ebd1172010f4c3024cb,
2020-08-15,Skincare,skincare,Beekman 1802 Goat milk Skincare Review,https://www.downsstyle.com/skincare/2020/8/15/beekman-1802-skincare-review,collection:skincare;sitemap,2020-08-15,200,https://www.downsstyle.com/skincare/2020/8/15/beekman-1802-skincare-review,Chas Downs,,816,2,cee184f563d98d1cc2b651bd767050c8a555f107e1732de6e3df7ba2518604ad,
2020-09-18,Skincare,skincare,BeautyCounter Skincare Review,https://www.downsstyle.com/skincare/2020/9/18/counterbeauty-skincare-review,collection:skincare;sitemap,2020-09-18,200,https://www.downsstyle.com/skincare/2020/9/18/counterbeauty-skincare-review,Chas Downs,,456,2,a1b9d1af5a0c9df2de134a5ae4b1719a8b0d516d2c6b3bd8d931068c89855fa0,
2020-09-21,Skincare,skincare,Fenty Skin,https://www.downsstyle.com/skincare/2020/9/21/fenty-skin,collection:skincare;sitemap,2020-10-01,200,https://www.downsstyle.com/skincare/2020/9/21/fenty-skin,Chas Downs,,278,2,2686aaf3208ce55a7433a3105ee5a2ee8aaff0097fe5fde47b5a4dd0be54527d,
2020-10-01,Skincare,skincare,Oxy Total Care,https://www.downsstyle.com/skincare/2020/10/1/oxy-total-care,collection:skincare;sitemap,2020-10-01,200,https://www.downsstyle.com/skincare/2020/10/1/oxy-total-care,Chas Downs,,282,2,e78a37124a831fd954ed4dc2e0d731e653d164f0b0ff1c4d1c96ad1ce71d4454,
2020-10-11,Look Book,look-book,Spring Outfits I love,https://www.downsstyle.com/look-book/2020/10/11/spring-outfits-i-love,collection:look-book;sitemap,2020-10-11,200,https://www.downsstyle.com/look-book/2020/10/11/spring-outfits-i-love,Chas Downs,,75,5,8571aaf3294b98fdccf3a087f653b518daac701854eeeec6e74dd69ec5d7be6e,
2020-12-07,Skincare,skincare,Amore Pacific Time Response Cream,https://www.downsstyle.com/skincare/2020/12/7/amore-pacific-time-response-cream,collection:skincare;sitemap,2020-12-07,200,https://www.downsstyle.com/skincare/2020/12/7/amore-pacific-time-response-cream,Chas Downs,,221,2,6b27cd1ac3f324ca4a436abdeef2ad176d1ff7a4f4bfb7958f90c30b2ed2d216,
2021-05-19,Interior Design,new-blog-1,Plants that transform your home into a clean environment,https://www.downsstyle.com/new-blog-1/2021/5/19/how-plants-transform-your-home-into-a-clean-environment,collection:new-blog-1;homepage;sitemap,2021-06-14,200,https://www.downsstyle.com/new-blog-1/2021/5/19/how-plants-transform-your-home-into-a-clean-environment,Chas Downs,air purifying plants;best house plants;best indoor plants;best indoor plants for beginners;easy plants;good indoor plants;house plants;how to care for indoor plants;indoor house plants;indoor plant care;indoor plants;indoor plants for beginners;indoor plants for decoration;indoor plants india;indoor plants low light;inside plants;inside plants for home;low light indoor plants;must have indoor plants;office plants;plant care;plants;plants for decoration;plants for home;plants for indoor,288,10,d0a5c2d4370eb74d040a7ddc043cf3fac26cc9e7650c46a888cc02d6769fdf57,
2021-05-21,Masks,masks,Chantecaille Hibiscus Smoothing Mask,https://www.downsstyle.com/masks/2021/5/21/chantecaille-hibiscus-smoothing-mask,collection:masks;homepage;sitemap,2021-05-21,200,https://www.downsstyle.com/masks/2021/5/21/chantecaille-hibiscus-smoothing-mask,Chas Downs,chantecaille;chantecaille bio lifting cream;chantecaille bio lifting mask;chantecaille exfoliator mask;chantecaille face mask review;chantecaille favorites;chantecaille gold mask;chantecaille gold mask review;chantecaille gold recovery mask;chantecaille hibiscus smoothing mask;chantecaille jasmine and lily healing mask;chantecaille review;chantecaille skincare;chantecaille skincare haul;chantecaille skincare review;face mask;hibiscus smoothing mask;smoothing face mask,260,2,1c142c6558580f76515a6f9e96a0e2919c11287450620c368088d3b78db0ca58,
2021-05-21,Skincare,skincare,Chantecaille Skincare Review,https://www.downsstyle.com/skincare/2021/5/21/chantecaille-skincare-review,collection:skincare;sitemap,2021-05-21,200,https://www.downsstyle.com/skincare/2021/5/21/chantecaille-skincare-review,Chas Downs,chantecaille;chantecaille blush review;chantecaille cheek gelee;chantecaille eyeshadow review;chantecaille foundation review;chantecaille future skin;chantecaille future skin cushion foundation;chantecaille future skin gel foundation review;chantecaille just skin tinted moisturizer;chantecaille lip veil;chantecaille review;chantecaille rose de mai face oil;chantecaille skincare;chantecaille skincare haul;chantecaille skincare review;luxury skincare review;skincare,376,2,23760a4ba4c5c8e314854902ae013b50c0bd7a3211d94dc9817749873353cbcd,
2021-06-14,Look Book,look-book,Outfits that will keep you cool this Summer,https://www.downsstyle.com/look-book/2021/6/14/outfits-that-will-keep-you-cool-this-summer,collection:look-book;sitemap,2021-06-14,200,https://www.downsstyle.com/look-book/2021/6/14/outfits-that-will-keep-you-cool-this-summer,Chas Downs,casual summer outfits;cool casual outfits;cute summer outfits;elegant summer outfits;how to stay cool in the summer;outfit idea for summer;outfit ideas;outfit ideas for summer;outfits;outfits of the week;outfits to keep you cool;outfits to keep you cool this summer;outfits to keep you warm;stylish summer outfits;summer outfit ideas;summer outfit inspo;summer outfits;summer outfits idea;summer outfits that are stylish;summer to winter outfits;winter outfits,299,5,651495154d8a68f8d8d01accb4f6159f2c6ac12195072acb263f22f808ac06b6,
2021-06-14,Look Book,look-book,Sunglasses a way to Spice up your Outfit,https://www.downsstyle.com/look-book/2020/8/7/sunglasses-a-way-to-spice-up-your-outfit,collection:look-book;sitemap,2021-06-15,200,https://www.downsstyle.com/look-book/2020/8/7/sunglasses-a-way-to-spice-up-your-outfit,Chas Downs,affordable sunglasses;affordable sunglasses for summer;best men's sunglasses for summer;best summer sunglasses;best sunglasses;best sunglasses for men;best sunglasses for men 2021;cheap sunglasses;designer sunglasses;luxury sunglasses;mens sunglasses;polarized sunglasses;summer;summer sunglasses;summer sunglasses for women;sunglasses;sunglasses for men;sunglasses for summer;sunglasses for summer 2016;sunglasses for summer 2018;sunglasses for women;sunglasses haul;the best sunglasses for men,58,6,1fff7ae3967844880f3b0235a314105fa7caffb81b45432ad58c4f955a7979cd,
2021-06-14,Skincare,skincare,Transcend Cosmetics Sunscreen,https://www.downsstyle.com/skincare/2021/6/14/transcend-cosmetics-sunscreen,collection:skincare;sitemap,2021-06-14,200,https://www.downsstyle.com/skincare/2021/6/14/transcend-cosmetics-sunscreen,Chas Downs,anti aging secrets;anti-aging sunscreen;best sunscreen;bh cosmetics;cosmetics;dermatologist recommended sunscreen;first aid beauty sunscreen;how to stop foundation creasing;invisible sunscreen;lightweight sunscreen;replenix sheer physical sunscreen;skinceuticals;spf;spf50;suncreen;sunscreen,540,2,1489a92f527f8df2950501c65bcd0eaeb7a694a70b8c6ae3356b2de5cdb0f0b0,
2021-06-15,Gift Inspo,gifts,Amazon Gifts that are good for all types of people,https://www.downsstyle.com/gifts/2020/7/7/amazon-gifts-that-is-good-for-all-types-of-people,collection:gifts;sitemap,2021-06-19,200,https://www.downsstyle.com/gifts/2020/7/7/amazon-gifts-that-is-good-for-all-types-of-people,Chas Downs,,104,9,b0116597d669cbffbabce9d733577b5ae4c75fbd011409588b8cf534599cc606,
2021-06-15,Travel,travel,Water Bottles that are great on the Go,https://www.downsstyle.com/travel/2021/6/15/water-bottles-that-are-great-on-the-go,collection:travel;sitemap,2021-06-15,200,https://www.downsstyle.com/travel/2021/6/15/water-bottles-that-are-great-on-the-go,Chas Downs,,319,5,64627ddee6b9ea33d3b4ca474a4103b4e00a607cd892b5f62c6a236e1f992ce3,
2021-09-03,Skincare,skincare,Tatcha Skincare Review,https://www.downsstyle.com/skincare/2021/9/3/cnoqrmcsdc734pj1g3ah4o5rl40aqt,collection:skincare;sitemap,2021-09-03,200,https://www.downsstyle.com/skincare/2021/9/3/cnoqrmcsdc734pj1g3ah4o5rl40aqt,Chas Downs,,567,1,2c8c54035592349983f8fea5d4a5ca9d8df9012a6d3b4d6179a088cc3b379ed4,
2021-09-08,Travel,travel,Learning on the Go #ad,https://www.downsstyle.com/travel/2021/9/8/jwqfs0xs8k94mtoh1uqhkla68jlhg8,collection:travel;sitemap,2021-09-08,200,https://www.downsstyle.com/travel/2021/9/8/jwqfs0xs8k94mtoh1uqhkla68jlhg8,Chas Downs,,280,2,37c2c99f7a36af35b246d9bcd456d9076d01a28a8ae40d35bea8780f08ccba74,
2021-11-08,Travel,travel,Midterm Portfolio Blog,https://www.downsstyle.com/travel/2021/11/8/53uig13g12vetej0dagxp6x9kpy4dd,collection:travel;sitemap,2021-11-08,200,https://www.downsstyle.com/travel/2021/11/8/53uig13g12vetej0dagxp6x9kpy4dd,Chas Downs,,687,1,e3c008636f073df110197be4b29a218b858d601b3a69dba8bb55cac6a9a708a2,
2021-11-15,Skincare,skincare,Kate Somerville Anti Aging Skincare Routine Review,https://www.downsstyle.com/skincare/2021/11/15/kate-somerville-anti-aging-skincare-routine-review,collection:skincare;sitemap,2021-12-10,200,https://www.downsstyle.com/skincare/2021/11/15/kate-somerville-anti-aging-skincare-routine-review,Chas Downs,kate somerville;kate somerville acne;kate somerville clinic;kate somerville delikate;Kate Somerville dermalquench review;kate somerville exfolikate;kate somerville exfolikate cleanser;kate somerville exfolikate cleanser review;kate somerville exfolikate review;kate somerville exfolikate treatment review;kate somerville retinol eye cream;Kate Somerville review;kate somerville review;kate somerville skincare;kate somerville skincare review;kate somerville spray;kate somerville spraykate somerville;Kate somverville anti aging;Kate somverville anti aging review;skincare review;somerville;wrinkle warrior kate somerville,607,2,64394ade02bd92b0d249baeed7b5f9d5464447cdb8f6672e24278bf7535899b1,
2021-11-19,Candles,new-blog,Why Organic Beeswax Candles are the best Wax to burn,https://www.downsstyle.com/new-blog/2021/11/19/why-organic-beeswax-candles-are-the-best-wax-to-burn,collection:new-blog;homepage;sitemap,2023-06-27,200,https://www.downsstyle.com/new-blog/2021/11/19/why-organic-beeswax-candles-are-the-best-wax-to-burn,Chas Downs,#cosmetics;3 sided angel lantern with flameless candle by homereflections;bath and body works candles;beans and rice;best and worst rare beauty;camera ready cosmetics;candle;candle empties;candle haul;candle impressions;candle impressions 23;candle magic;candle trash;candles;candles & scents;cosmetics;euphoric eucalyptus;euphoric eucalyptus candle;fragrances;grande cosmeticd;homeworx candles;it cosmetics;jasmine blossom;jasmine blossom candle;jouer cosmetics;kringle candles;lavender;lavender candle;lavitate;lavitate candle;lightwork transcendence;luimen cosmetics;luminara set of (4) flameless unscented candles with remotes;makeup prosthetics;men's cologne;men's fragrance;prosthetic makeup;prosthetic wired;prosthetics;prosthetics tutorial;prosthetics wired;rose thorn;rose thorn canlde;sandalwood;sandalwood candle;sephora sale recommendations;seven deadly sins grand cross;seven deadly sins: grand cross;soothing sage;soothing sage candle;stila cosmetics;sultry sandalwood;sultry sandalwood candle;tienda cosmetica;transcend;transcend cosmetics;transcend cosmetics candle;transcend cosmetics essential oil;trending makeup;trixie cosmetics;vanilla candle;vanilla vacay;vanilla vacay candle;wired prosthetics tutorial;women's fragrance,464,1,23755eada1216ecf841ef4e288a1964f22e0ed442907ea3bb7be2571ecc0da38,
2021-11-19,Skincare,skincare,5 benefits of Organic Skincare products vs drug store products,https://www.downsstyle.com/skincare/2021/11/19/5-benefits-of-organic-skincare-products-vs-drug-store-products,collection:skincare;sitemap,2021-11-19,200,https://www.downsstyle.com/skincare/2021/11/19/5-benefits-of-organic-skincare-products-vs-drug-store-products,Chas Downs,,457,1,28450425a03632ac422e0ccfc1b83fcfd77432f5b482ab5128bb3b66af1259f9,
2021-11-30,Eat,new-blog-2,Organic Ice Cream Recipe,https://www.downsstyle.com/new-blog-2/2021/11/30/cj969cmdelgbd5onlq9reazoyd2ywl,collection:new-blog-2;sitemap,2021-12-07,200,https://www.downsstyle.com/new-blog-2/2021/11/30/cj969cmdelgbd5onlq9reazoyd2ywl,Chas Downs,,144,1,79ddeb8eb291831985414357cadfd16724a2e56372e8e8e008074965f7da3fea,
2021-12-10,Eat,new-blog-2,Foods to help your skin,https://www.downsstyle.com/new-blog-2/2021/12/9/0gu8w9kw5rmz6ucqlczsh0e27drpc0,collection:new-blog-2;sitemap,2021-12-10,200,https://www.downsstyle.com/new-blog-2/2021/12/9/0gu8w9kw5rmz6ucqlczsh0e27drpc0,Chas Downs,foods for skin;foods to help your skin;what to eat to get rid of acne,1195,13,c814879f055706b35ad0f86dbb7c94955fe9c13cb8d5ed22e395938d192b4280,
2021-12-11,Gift Inspo,gifts,"Gifts that are great for all, this Holiday Season",https://www.downsstyle.com/gifts/2021/12/11/76hfpq9t6xyhxtd82nhxrg4ou8g0xj,collection:gifts;sitemap,2021-12-21,200,https://www.downsstyle.com/gifts/2021/12/11/76hfpq9t6xyhxtd82nhxrg4ou8g0xj,Chas Downs,gift guide;holiday gift guide;holiday gifts,102,9,eaf070a9ff141ff48129d3e4bd1392f9d20d63e6e4c097985e52ae5a15da9fd8,
2021-12-11,Interior Design,new-blog-1,Cool Lamps to ditch overhead lighting,https://www.downsstyle.com/new-blog-1/2021/6/19/eds62j64c2p5tjf3rmj90md6idkdn5,collection:new-blog-1;homepage;sitemap,2021-12-11,200,https://www.downsstyle.com/new-blog-1/2021/6/19/eds62j64c2p5tjf3rmj90md6idkdn5,Chas Downs,,50,10,1242bfa394f88bd8cbfce61b2dab532a141b485b2a4ab96ba6c1fc92371526e2,
2021-12-21,Gift Inspo,gifts,Gifts I would give to friends,https://www.downsstyle.com/gifts/2018/4/28/gifts-i-would-give-to-friends,collection:gifts;sitemap,2021-12-23,200,https://www.downsstyle.com/gifts/2018/4/28/gifts-i-would-give-to-friends,Chas Downs,,131,12,b94d60e54604c716e15f77deaf5b833081b356d07e9f80537cb427fbe1659c54,
2021-12-21,Look Book,look-book,Basics You Need In Your Closet,https://www.downsstyle.com/look-book/2020/4/28/basics-you-need-in-your-closet,collection:look-book;sitemap,2021-12-23,200,https://www.downsstyle.com/look-book/2020/4/28/basics-you-need-in-your-closet,Chas Downs,,231,15,44e68fdb848d63e74941674e00dd0de172b51b75f59f7c44dd7cc9c837e0402b,
2021-12-23,Interior Design,new-blog-1,10 Pieces you need in your home,https://www.downsstyle.com/new-blog-1/2018/6/27/10-pieces-you-need-in-your-home,collection:new-blog-1;homepage;sitemap,2021-12-23,200,https://www.downsstyle.com/new-blog-1/2018/6/27/10-pieces-you-need-in-your-home,Chas Downs,,106,2,27a40f359f547a916be38b314ac7fc90fc3dc0e7f0ce1540bf7441492f3b7be8,
2021-12-26,Workouts/Diet,workoutsdiet,At Home Workout Essentials,https://www.downsstyle.com/workoutsdiet/2020/4/28/at-home-workout-essentials,collection:workoutsdiet;sitemap,2021-12-27,200,https://www.downsstyle.com/workoutsdiet/2020/4/28/at-home-workout-essentials,Chas Downs,,121,4,7b2a1f4a50b7a0adc894878848308f85619e88dc14ec88f9ac54a57a86bafc9f,
2022-01-06,Skincare,skincare,How to keep glowing skin,https://www.downsstyle.com/skincare/2022/1/6/ez455l4mzmxas319jkj47kgjy4okc6,collection:skincare;sitemap,2022-01-07,200,https://www.downsstyle.com/skincare/2022/1/6/ez455l4mzmxas319jkj47kgjy4okc6,Chas Downs,,1094,1,8e7abd54a4ee8ba868bdb53a93420081aef624a21134ede061330b28b126f9c5,
2022-01-07,Look Book,look-book,Accessories that spice up any outfit,https://www.downsstyle.com/look-book/2022/1/7/z7kaewqyypo5yx8q3c93n4cxpo9v07,collection:look-book;sitemap,2022-01-11,200,https://www.downsstyle.com/look-book/2022/1/7/z7kaewqyypo5yx8q3c93n4cxpo9v07,Chas Downs,,390,6,a6b99a3218e77b3b57fc8d233484e9fee8421952420cc540969f406ac8aa749c,
2022-01-11,Skincare,skincare,Biossance Skincare Review,https://www.downsstyle.com/skincare/2022/1/11/j7chyg49uqr314ka1p49xocjxch6zh,collection:skincare;sitemap,2023-06-08,200,https://www.downsstyle.com/skincare/2022/1/11/j7chyg49uqr314ka1p49xocjxch6zh,Chas Downs,,412,2,4139202c34b6936beef9bf0f42d9bf126099be43dad0480dc4d18e29bf9e4aaa,
2022-01-18,Eat,new-blog-2,Best Places to Eat in New York,https://www.downsstyle.com/new-blog-2/2018/4/28/best-places-to-eat-in-new-york,collection:new-blog-2;sitemap,2022-01-19,200,https://www.downsstyle.com/new-blog-2/2018/4/28/best-places-to-eat-in-new-york,Chas Downs,,131,12,c78850e88f525c0819841e496ce9e4c36acebab0da0334059eae71ca0dac5dcd,
2022-01-22,Eat,new-blog-2,Juice Cleanse & Why,https://www.downsstyle.com/new-blog-2/2018/4/28/juice-cleanse-why,collection:new-blog-2;sitemap,2023-06-08,200,https://www.downsstyle.com/new-blog-2/2018/4/28/juice-cleanse-why,Chas Downs,,197,7,eeb1166f9f3d9effa69c05b47bf9ba0b0f2b051dd0b373d50dcdd9ca067cbfae,
2023-06-01,Interior Design,new-blog-1,Cool finds for Home,https://www.downsstyle.com/new-blog-1/2023/6/1/e7xw93oyn2vpts9gix00eg4e0sery2,collection:new-blog-1;homepage;sitemap,2023-06-07,200,https://www.downsstyle.com/new-blog-1/2023/6/1/e7xw93oyn2vpts9gix00eg4e0sery2,Chas Downs,5 super cool things you want in your home now!;amazon;amazon favorites;amazon favorites home decor;amazon finds;amazon finds tiktok;amazon finds with links;amazon haul;amazon home;amazon home 2023;amazon home decor;amazon home decor haul;amazon home decor haul 2023;amazon home favorites;amazon home favorites 2023;amazon home finds;amazon home haul;amazon home must haves;amazon must haves;best amazon home decor;best amazon home finds;best amazon home products;charismas gifts for friends;cool;cool gadgets;cool things;decor finds;gadgets for your home;home;home decor;home decor haul;home decorating ideas;home gadgets;home gadgets 2021;home gadgets on amazon;home gadgets shorts;homes for sale;ideas for life;ikea home decor;new home decor;smart home;smart home gadgets;thrifting home decor;tiktok amazon finds;xcool home gadgets,88,3,8271d516e35ff426de1c301085db259cab2c65a823dacd453d194ae649ac756d,
2023-06-04,Skincare,skincare,Savannah Bee Company Review,https://www.downsstyle.com/skincare/2023/6/4/savannah-bee-company-review,collection:skincare;sitemap,2023-06-04,200,https://www.downsstyle.com/skincare/2023/6/4/savannah-bee-company-review,Chas Downs,,95,1,acbd3313ec655f4d8a1079db1c128be05c8ff51476e07512be713b6d18d85282,
2023-06-06,Eat,new-blog-2,Steak Houses I love in Miami,https://www.downsstyle.com/new-blog-2/2023/6/6/steak-houses-i-love-in-miami,collection:new-blog-2;sitemap,2023-06-07,200,https://www.downsstyle.com/new-blog-2/2023/6/6/steak-houses-i-love-in-miami,Chas Downs,bar food;best food;best food in miami;best food miami;best food miami beach;best food places in miami;best miami food;best places to eat in miami;cuban food;delhi street food;fast food;food;food asmr;food blog;food challenge;food in miami;food insider;food platter;food short;food shorts;food tour;food truck;food tube;food video;food videos;food vlog;food vlogs;food wars;foodie;foodie shorts;foods;hanoi street food;indian street food;miami;miami beach;miami cuban food;miami florida;miami food;miami food guide;miami food hotspots;miami food spots;miami food tour;miami foodie;miami places to eat;miami restaurants;miami street food;motu foodie;nyc food;prime 112;prime italian;spicy food;street food;street food india;street food shorts;things to do in miami;top food spots in miami;top places to eat in miami;unlimited food;vietnam food;vietnam street food,66,5,72f4703ad1b68adced88e3d7d42e2d277d4f58b7eaf04859c47fcc60e7376a8a,
2023-06-06,Interior Design,new-blog-1,Vases for your flowers,https://www.downsstyle.com/new-blog-1/2023/6/6/vases-for-your-flowers,collection:new-blog-1;homepage;sitemap,2023-06-07,200,https://www.downsstyle.com/new-blog-1/2023/6/6/vases-for-your-flowers,Chas Downs,1 hour flowers;buy myself flowers;can buy myself flowers;flower;flower tv comedy;flower tv malayalam;flowers;flowers 1 hour;flowers cover;flowers lyrics;flowers lyrics miley cyrus;flowers miley cyrus;flowers miley cyrus 1 hour;flowers miley cyrus lyrics;flowers tv;i can buy myself flowers;jisoo flower;lyrics flowers;lyrics miley cyrus flowers;miley cyrus flowers;miley cyrus flowers lyrics;miley cyrus lyrics flowers;zay flowers;지수 flower,73,7,a73cf0140c1b64cfad73c51960f702a54bfbd6aedb79817283bf5a101a74844b,
2023-06-06,Look Book,look-book,Summer Outfits,https://www.downsstyle.com/look-book/2023/6/6/summer-outfits,collection:look-book;sitemap,2023-06-09,200,https://www.downsstyle.com/look-book/2023/6/6/summer-outfits,Chas Downs,2023;best mens swimsuits;best summer outfits for men;Burberry;burberry;burberry bag;burberry bear;burberry belt;burberry bucket hat;burberry bucket hat burberry shirt burberry hat;burberry handbag;burberry hat;burberry hat unboxing;burberry hats;burberry haul;burberry headband;burberry rtw;burberry shoes;burberry shopping;burberry shorts;burberry skirt;burberry sneakers;burberry unboxing;casual outfits;casual summer outfit ideas;casual summer outfits;christian dior;christian dior sunglasses;cute summer outfits;dior;dior club sunglasses review;dior eyewear sunglasses;dior so real sunglasses;dior sunglasses;dior sunglasses evay;dior sunglasses for women;dior sunglasses review;fake dior sunglasses;hat;how to spot fake dior sunglasses;j crew;James perse;legit check dior sunglasses;lookbook;Lulu lemon;luxury burberry haul;men's outfits;mens outfits;mens swimsuit;mens swimsuits;orlebar brown;outfit ideas;outfits;outfits for summer;rag and bone;real dior sunglasses;real vs fake dior sunglasses;spot original dior sunglasses;spring outfits;styling burberry shorts with burberry shirt and hat;summer;summer cookbook 2023;summer fashion;summer fits;summer lookbook;summer looks;summer outfit;summer outfit ideas;summer outfit ideas for men;summer outfit inspiration;summer outfits;summer outfits 2021;summer outfits 2023;summer outfits for men;summer outfits men;summer style;sunglasses;swimsuit;unboxing dior sunglasses;unboxing my cute little burberry hat;vilbrequin;vilbrequin 2019;vilebrequin;vilebrequin -;vilebrequin denim 2019;vilebrequin fashion show;vilebrequin fw19;vilebrequin kids swimwear;vilebrequin men's;vilebrequin miami swim week;vilebrequin resort wear;vilebrequin spring summer 2018;vilebrequin spring summer 2022;vilebrequin starlettes;vilebrequin swimwear dubai;vilebrequin swimwear fashion show at atr hearts fashion;vilebrequin x off-white;white sunglasses dior,120,3,e5da019106e3eb3525bd77ac4e16d1cd806fb8004e28f2563d6f3d9e97d4ec4e,
2023-06-06,Workouts/Diet,workoutsdiet,Keto Diet,https://www.downsstyle.com/workoutsdiet/2023/6/6/keto-diet,collection:workoutsdiet;sitemap,2023-06-08,200,https://www.downsstyle.com/workoutsdiet/2023/6/6/keto-diet,Chas Downs,100 g protein vegan diet;balanced vegetarian diet;bloating vegan diet;carnivore vs vegan diet;diet;diet for vegetarians;downsstyle;how to do keto;how to start keto diet;joe rogan vegan diet;keto;keto diet;keto diet and gym;keto diet at home;keto diet dinner;keto diet explained;keto diet for beginners;keto diet girl;keto diet guide;keto diet hindi;keto diet kya h;keto diet plan;keto diet results;keto diet review;keto diet rules;keto diet tips;keto food;keto meals;keto recipes;keto snacks;keto weight loss;ketogenic diet;low carb diet;plant based diet;protein sources in vegan diet;raw vegan diet;starting a vegetarian diet;vegan;vegan diet;vegan diet before and after;vegan diet benefits;vegan diet for muscle building;vegan diet for weight loss;vegan diet weight loss;vegan food;vegan leaky gut diet;vegan nutritionist;vegan recipes;vegan vs carnivore diet;vegetarian;vegetarian diet;vegetarian diet benefits;vegetarian diet definition;vegetarian diet during pregnancy;vegetarian diet for beginners;vegetarian diet for bodybuilding;vegetarian diet for fat loss;vegetarian diet for weight gain;vegetarian diet plan;vegetarian diet recipes;vegetarian diet weight loss;vegetarian protein diet plan;what is a vegetarian diet;what is keto;what is the keto diet;what to eat on a vegan diet,106,8,c1ec179788098aadca67f09fc8692a0402d8245f639bc5a1202c619901125531,
2023-06-07,Look Book,look-book,Jewelry to level up any outfit,https://www.downsstyle.com/look-book/2023/6/7/jewelry-to-level-up-any-outfit,collection:look-book;homepage;sitemap,2023-07-29,200,https://www.downsstyle.com/look-book/2023/6/7/jewelry-to-level-up-any-outfit,Chas Downs,ana luisa;ana luisa bracelet;ana luisa code;ana luisa earring;ana luisa earrings;ana luisa earrings review;ana luisa haul;ana luisa honest review;ana luisa jewelry;ana luisa jewelry collection;ana luisa jewelry review;ana luisa michelle;ana luisa necklace;ana luisa ny;ana luisa quality;ana luisa review;ana luisa ring;ana luisa rings;ana luisa rope ring;ana luisa scam;ana luisa shoplog;ana luisa unboxing;artificial jewellery;bracelet;brass jewelry;cartier;cartier bracelet;cartier clou bracelet;cartier collection;cartier juc;cartier juste un clou;cartier juste un clou bracelet;cartier juste un clou bracelet small;cartier love;cartier love bracelet;cartier love bracelet review;cartier love bracelet size 15 vs 16;cartier love bracelet small;cartier love ring;cartier nail bracelet;cartier ring;cartier sm bracelet;cartier small love bracelet;cartier tank;cartier unboxing;dainty jewelry;diy jewelry;everyday jewelry;gold jewellery collection;gold jewellery designs;gold jewelry;gold smith jack jewelry;hand made jewellery;handmade jewelry;haul ana luisa;how to jewelry;how to make jewellry;how to make jewelry;how to photograph jewelry;is ana luisa worth it;jewellery (industry);jewellery making;jewellery wholesale market;jewelry;jewelry business;jewelry care;jewelry design;jewelry kit;jewelry making;jewelry marketing;jewelry photography;jewelry retouching;jewelry technique;jewelry tutorial;lali esposito;lali jo lali jo telugu song;lali storytime;lalilu;lightweight gold jewellery;love bracelet;mejuri jewelry;payal jewellery wholesale market;pearl jewellery making at home;pearl jewelry;photographing jewelry;ruby beads jewellary;sadar bazar jewellery market;small jewelry business;vintaj jewelry;wholesale jewellery market,282,18,c470fd3fe9b238cd364fb901648535a81fd6115bd14f748caeb821c34c9c028b,
2023-06-07,Workouts/Diet,workoutsdiet,Juice Diet,https://www.downsstyle.com/workoutsdiet/2023/6/7/juice-diet,collection:workoutsdiet;sitemap,2023-06-08,200,https://www.downsstyle.com/workoutsdiet/2023/6/7/juice-diet,Chas Downs,3 day juice cleanse;3 misconceptions about juice cleanses;5 days on a juice cleanse;blog;clean juice 3 day cleanse;cleanse;creating a food blog;detox cleanse;downsstyle;food;food blog;food blog demotivation;food blog malayalam;food blogger;food blogging for beginners;food blogging tips;food vlog;food vlog malayalam;food vlogs;foodie;green juice;how to create a food blog;how to do a juice cleanse;how to juice;how to juice cleanse;how to start a food blog;indian food;juice;juice cleanse;juice cleanse before and after;juice cleanse benefits;juice cleanse diy;juice cleanse weight loss;juice cleanses;juice cleansing;juice detox;juice fast;juice fasting;making a food blog;reasons to start a food blog;setting up food blog;smoothie blog;start a food blog;start food blog;starting a food blog;starting food blog;street food;trying a juice cleanse;trying a juice cleanse for 1 day;wordpress food blog,85,4,430d48ad57b4357fef280c28a6966dab9d98c2a3693dff085b53df79989602c2,
2023-06-08,Eat,new-blog-2,My favorite Salads,https://www.downsstyle.com/new-blog-2/2023/6/8/my-favorite-salads,collection:new-blog-2;sitemap,2023-06-09,200,https://www.downsstyle.com/new-blog-2/2023/6/8/my-favorite-salads,Chas Downs,avocado salad;best caesar salad;best caesar salad dressing;best cobb salad;best salad;best salads;caesar;caesar dressing;caesar salad;caesar salad chicken;caesar salad dressing;caesar salad dressing recipe;caesar salad recipe;caesar salad vegetarian;ceasar salad;chicken caesar salad;chicken caesar salad recipe;chicken cobb salad;chicken salad;cob salad;cobb salad;cobb salad 101;cobb salad dressing;cobb salad dressing recipe;cobb salad recipe;corn salad;cucumber salad;easy caesar salad;easy cobb salad;easy salad;easy salad recipes;fresh salad;garden salad;greek salad;healthy salad;healthy salad recipes;homemade caesar salad;homemade caesar salad dressing;homemade salad dressing;how to make a cobb salad;how to make a salad;how to make caesar salad;how to make caesar salad dressing;how to make caesar salad easy;how to make cobb salad;how to make salad;how to make salad dressing;is salad a virus;is salad legit;is salad safe;kale salad;keto cobb salad;keto salad;korean salad;making caesar salad;mattys favorite salad;meal prep salad;popular salad;protein salad;restaurant salad;restaurant style salad;salad;salad (type of dish);salad dressing;salad dressing recipe;salad dressing recipes;salad dressings;salad ideas;salad recipe;salad recipes;salads;salmon cobb salad;salmon salad;simple salad;summer salad;the best cobb salad;tomato salad;vegetable salad;yummy salad,116,6,292074b9f196df958310fada2c6f40c430ee2859858566fa18d99dd768234318,
2023-06-08,Look Book,look-book,White for Summer,https://www.downsstyle.com/look-book/2023/6/8/white-for-summer,collection:look-book;homepage;sitemap,2023-06-08,200,https://www.downsstyle.com/look-book/2023/6/8/white-for-summer,Chas Downs,15 white summer dresses;all white;all white outfit;all white outfit ideas;all white outfits;all white outfits for men;all white outfits for women;all white party outfit ideas;all white summer outfits;best tom ford;black and white outfits;casual chic summer outfits;casual summer outfits;chic white outfits;ford;how to decorate for summer;how to style white jeans for summer;how to wear a white summer dress;mens all white outfits;mens outfits;monochromatic outfits;mr tom ford;outfit ideas;outfits;outfits for summer;simple white outfits;summer;summer outfit ideas;summer outfits;summer outfits 2022;summer outfits with white;summer style;summer walker white tee;the summer of the beautiful white horse;tom;tom ford;tom ford 2013;tom ford 2018;tom ford 2019;tom ford advice;tom ford fashion;tom ford for men;tom ford fragrance;tom ford fragrances;tom ford gives makeover;tom ford gq;tom ford interview;tom ford makeover;tom ford ombre leather;tom ford peach dawn quad;tom ford perfumes;tom ford private blend;tom ford speech;tom ford style;tom ford suit;tom ford talk;tom ford teaches;tom ford womenswear;white blazer outfits summer;white dress for summer;white fox boutique summer try on haul;white in summer;white jeans outfits;white jeans summer outfits;white on white outfits;white outfit;white outfit for summer;white outfit ideas;white outfits;white pants outfit;white shirt outfits;white skirt summer;white sneakers for men;white summer;white summer dress;white summer outfit;white t-shirt outfits for summer;white t-shirt outfits for summer 2021;winter outfits,97,6,277002b30d3050a9878f5807d9a23f652c34f3e97b545509d588b46cd6026fe9,
2023-06-08,Workouts/Diet,workoutsdiet,My Yoga Routine,https://www.downsstyle.com/workoutsdiet/2023/6/8/my-yoga-routine,collection:workoutsdiet;sitemap,2023-06-08,200,https://www.downsstyle.com/workoutsdiet/2023/6/8/my-yoga-routine,Chas Downs,10 min yoga;10 minute meditation;10 minute yoga;15 min yoga;30 days of yoga;ashtanga yoga;at home yoga;beginner yoga;beginners yoga;deep sleep meditation music;fast meditation;free yoga;free yoga videos;full body yoga;guided meditation;guided meditation 10 minutes;healing meditation;home yoga;home yoga practice;how to do yoga;meditation;meditation 10 minutes;meditation for anxiety;meditation for beginners;meditation for sleep;meditation guided;meditation morning;meditation music;meditation music for sleep;meditation music relax mind body;mindfulness meditation;morning meditation;morning yoga;online yoga;positive energy meditation;power yoga;quick meditation;sleep meditation;vinyasa yoga;yoga;yoga at home;yoga basics;yoga class;yoga flow;yoga for beginners;yoga for flexibility;yoga for kids;yoga poses;yoga practice;yoga stretch;yoga with adrienne;yoga workout,108,3,ff5f644d37710eca62ffe07d6d0f3d107000e45dd60328162072986bab7ec7b7,
2023-06-09,Gift Inspo,gifts,Crystals I would gift my besties,https://www.downsstyle.com/gifts/2023/6/9/crystals-i-would-gift-my-besties,collection:gifts;sitemap,2023-06-09,200,https://www.downsstyle.com/gifts/2023/6/9/crystals-i-would-gift-my-besties,Chas Downs,#rose quartz;ale zalewa nas obsydian!;american turquoise;benefits of tigers eye;best turquoise;black obsydian;bronx;conan exiles obsydian;czarny obsydian;czy widzisz obsydian na obrazku;czy widzisz tu obsydian;czy znajdziesz tu obsydian;dyed turquoise;eye of the tiger;fake turquoise;first time hearing onyx;first time hearing onyx shut em down;funny;funny compilation;gem turquoise;goons;green turquoise;griselda onyx - back to the future;how to turquoise;how to use rose quartz crystal;huda beauty rose quartz palette tutorial;jak zdobyć obsydian;jak zrobić obsydian;jak zrobić obsydian z redstone;kingman turquoise;kingman turquoise mine;lomo turquoise;minecraft obsydian;minecraft poradnik obsydian;natural turquoise;ny;obsdian;obsidian;obsidian aj;obsydian;obsydian aj;obsydian czarny armenia;obsydian horseshoe;obsydian kekfest;obsydian rising;on foot;onyx;onyx (composer);onyx (musical group);onyx aint no time to rest;onyx dope dod;onyx family;onyx kids;onyx mixtape;onyx poke 4;onyx rest;onyx shut em down;onyx shut em down reaction;onyx team;onyx the gaming machine;onyx time;quartz;raekwon;red tigers eye meaning;rose;rose quarts;rose quartz;rose quartz 2022;rose quartz about;rose quartz and greg;rose quartz benefits;rose quartz crystal;rose quartz crystal healing;rose quartz for love;rose quartz fusion;rose quartz healing;rose quartz love;rose quartz meaning;rose quartz member;rose quartz mv;rose quartz power;rose quartz roller;rose quartz stone;rough turquoise;sleeping beauty turquoise;song;sony dpt;sposób na obsydian;survivor eye of the tiger;tiger eye;tiger eye bracelet;tiger eye crystal;tigers eye;tigers eye benefits;tigers eye crystal;tigers eye crystal benefits;tigers eye crystal healing;tigers eye crystal meaning;tigers eye healing;tigers eye healing properties;tigers eye meaning;tigers eye meditation;tigers eye properties;tigers eye solar plexus;tigers eye stone;tigers eye stone benefits;turquoise;turquoise 101;turquoise carpet;turquoise history;turquoise jewelry;turquoise matrix;turquoise mine;turquoise ring;turquoise side;turquoise stone;turquoise test;turquoiseau;vinyl;why is turquoise stabilized;yeezy 350 onyx;yeezy slide onyx;zalewa nas obsydian,311,8,3c33a3179c5441693308f1d4886566bbbe9ffaceea3349dc50a87556ba62d43b,
2023-06-11,Skincare,skincare,Dermalogica Skincare Review,https://www.downsstyle.com/skincare/2023/6/11/dermatologica-skincare-review,collection:skincare;sitemap,2023-06-25,200,https://www.downsstyle.com/skincare/2023/6/11/dermatologica-skincare-review,Chas Downs,dermalogica;dermalogica acne skincare;dermalogica daily microfoliant;dermalogica facial;dermalogica precleanse;dermalogica review;dermalogica reviews;dermalogica sensitive skincare;dermalogica skin care;dermalogica skin smoothing cream;dermalogica skin smoothing cream review;dermalogica skin-care review;dermalogica skincare;dermalogica skincare review;dermalogica special cleansing gel;review;skincare;skincare review;skincare routine,304,2,e2eb38c946e3d6ea65fb63510efc1b69d21f0eba6bba67673871d6bd248fbe4e,
2023-06-13,Gift Inspo,gifts,Fathers Day Gift Guide,https://www.downsstyle.com/gifts/2023/6/13/fathers-day-gift-guide,collection:gifts;sitemap,2023-06-14,200,https://www.downsstyle.com/gifts/2023/6/13/fathers-day-gift-guide,Chas Downs,best fathers day gifts;diy fathers day ideas;father's day gift guide;father's day gift ideas;fathers day;fathers day diy ideas;fathers day gift;fathers day gift guide;fathers day gift guide 2022;fathers day gift guide 2023;fathers day gift ideas;fathers day gift ideas easy;fathers day gifts;fathers day gifts 2022;fathers day gifts 2023;fathers day gifts amazon;fathers day ideas;gift guide;gift guide for fathers day;inexpensive fathers day gifts,73,3,fb209f3e67b1001f5dee56e4c1b2bad38a9cdc23cef5944f988ba268c5d567b2,
2023-06-15,Skincare,skincare,Elf Skin Review,https://www.downsstyle.com/skincare/2023/6/15/elf-skin-review,collection:skincare;sitemap,2023-06-15,200,https://www.downsstyle.com/skincare/2023/6/15/elf-skin-review,Chas Downs,dr dray elf pure skin;dry skin;elf;elf cosmetics;elf cosmetics review;elf holy hydration review;elf makeup;elf makeup review;elf pure skin;elf pure skin cleanser;elf pure skin collection review;elf pure skin reviews;elf pure skin skincare review;elf pure skin toner;elf review;elf skin;elf skin care;elf skin care review;elf skin care routine;elf skin care test;elf skin hit kit review;elf skin hit kit reviews;elf skin suntouchable sunscreen primer;elf skin suntouchable whoa glow spf 30 sunscreen primer;elf skincare;elf skincare line review;elf skincare products;elf skincare review;fair skin;review;skin care;skin care routine;skincare review,265,2,7f5efbcae3a3b04a0013a919520383f75c4ef9662b07cfe8a44c7c8add6215d0,
2023-06-24,Skincare,skincare,Dr. Barbara Sturm Night Serum,https://www.downsstyle.com/skincare/2023/6/24/dr-barbara-sturm,collection:skincare;sitemap,2023-06-25,200,https://www.downsstyle.com/skincare/2023/6/24/dr-barbara-sturm,Chas Downs,barbara sturm;dr barbara strum review;dr barbara strum skincare review;dr barbara sturm;dr barbara sturm adam waldman;dr barbara sturm hyaluronic serum;dr barbara sturm hyaluronic serum 10ml;dr barbara sturm hyaluronic serum how to;dr barbara sturm hyaluronic serum reviews;dr barbara sturm interview;dr barbara sturm reviews;dr barbara sturm serum;dr barbara sturm skincare;dr. barbara sturm;dr. barbara sturm hyaluronic serum;dr. barbara sturm hyaluronic serum review;dr. barbara sturm skincare;dr. barbara sturm super anti-aging serum,412,1,216a5863e5cccd10d2d4e92c70a2e3cd2470f444361faf3b5554df690809c53f,
2023-06-25,Masks,masks,Sulwashoo Radiance Energy Mask,https://www.downsstyle.com/masks/2023/6/25/dq73o0f5x4yll5fp4hj8idsavj7a1j,collection:masks;homepage;sitemap,2023-06-26,200,https://www.downsstyle.com/masks/2023/6/25/dq73o0f5x4yll5fp4hj8idsavj7a1j,Chas Downs,#(skin care sulwhasoo);#sulwhasoo;radiance energy mask;skincare sulwhasoo;sulwashoo clarifying mask;sulwhasoo;sulwhasoo clarifying mask;sulwhasoo concentrated ginseng renewing creamy mask;sulwhasoo indonesia;sulwhasoo mask;sulwhasoo overnight vitalizing mask;sulwhasoo overnight vitalizing mask ex;sulwhasoo radiance energy mask;sulwhasoo sleeping mask,581,1,0456d4678b8d3952dc1653525cfd58f9742d741660d53c79480829c6c6cec7e7,
2023-06-26,Masks,masks,Tata Harper Resurfacing Mask,https://www.downsstyle.com/masks/2023/6/26/tata-harper-resurfacing-mask,collection:masks;homepage;sitemap,2023-06-26,200,https://www.downsstyle.com/masks/2023/6/26/tata-harper-resurfacing-mask,Chas Downs,how to use tata harper resurfacing mask;resurfacing mask;resurfacing mask tata harper;tata harper;tata harper mask;tata harper mask review;tata harper resurfacing bha glow mask;tata harper resurfacing mask;tata harper resurfacing mask how to use;tata harper resurfacing mask overnight;tata harper resurfacing mask review;tata harper resurfacing mask sample;tata harper resurfacing mask youtube;tata harper review;tata harper skincare;tatcha harper resurfacing mask,617,1,567b29274285ca323a80c41941384408d9c24fd0a41308adf6b6f9befc576314,
2023-06-26,Skincare,skincare,Sol de Janiero Bum Bum Cream Review,https://www.downsstyle.com/skincare/2023/6/26/sol-de-janiero-skincare-for-body,collection:skincare;sitemap,2023-06-27,200,https://www.downsstyle.com/skincare/2023/6/26/sol-de-janiero-skincare-for-body,Chas Downs,brazilian bum bum cream;brazilian bum bum cream review;bum bum cream;bum bum cream perfume;bum bum cream review;indian review on sol de janeiro bum bum cream;sol de janeiro;sol de janeiro brazilian bum bum cream;sol de janeiro brazilian bum bum cream review;sol de janeiro brazilian bum bum cream reviews;sol de janeiro brazilian crush;sol de janeiro bum bum cream;sol de janeiro bum bum cream review;sol de janeiro review;sol de janiero brazilian bum bum cream,573,1,bc9a748968325689995499926c0f04490242d78707ed9d78b2e3b6af76cdbd44,
2023-06-28,Candles,new-blog,"""Lavitate"" Organic Beeswax Candle Review",https://www.downsstyle.com/new-blog/2023/6/28/lavitate-organic-beeswax-candle,collection:new-blog;homepage;sitemap,2023-06-29,200,https://www.downsstyle.com/new-blog/2023/6/28/lavitate-organic-beeswax-candle,Chas Downs,#candle;#candles;#cosmetics;21 pilots levitate;3 sided angel lantern with flameless candle by homereflections;3d;7ds grand cross;bath and body works candles;best candle;best tie downs;blend bunny cosmetics;blend bunny cosmetics allie dawson;blend bunny cosmetics palettes;blend bunny cosmetics sugar and grunge collection;blend bunny cosmetics sugar and grunge palette;blend bunny cosmetics sugar and grunge palette review;brown skin;button-down shirt;camera ready cosmetics;candle;candle empties;candle experiment;candle experiment with water;candle haul;candle impressions;candle impressions 23;candle light;candle magic;candle magic flames;candle magic video;candle making;candle making at home for beginners;candle shorts;candle stick patterns;candle sticks;candle style;candle trash;candles;candles & scents;championship;churchill downs;churchill downs freestyle;competition;coolmasks;cosmetics;create candle;crochet styles;curly crochet styles;curly hairstyles;cute curly styles;dayfox & tubebackr - lavitate;dayfox & tubebackr lavitate;diy candle;diy candles;diy lavendar candle;diy lavender candle;diy lavender candle homemade;doji candle;downs;eminence;english lavender;estee lauder;expensivemask;expensiveskincare;facemask;flight;floating candle holders;floating candles;floating led candle;free;funfly;glamglow;glamglowmask;grand cross;grande cosmeticd;grow lavender;growing lavender;halloween decorations;hammer candle;harry styles;heli;helicopter;helikopter;hitormiss;homemade candles;homeworx candles;how to grow lavender;how to grow lavender outdoors;how to levitate;how to make a candle;how to make a lavender candle;how to make candle;how to make candle at home;how to make candles;how to make candles lavender candle diy;how to make candles smell stronger;how to make lavender candle;how to prune lavender;how to style;how to style button down;inside candle;inside candle by power of stocks;inside candle strategy;institutional candle;it cosmetics;jouer cosmetics;kaitlyn downs;kringle candles;lavendar candle;lavender;lavender candle;lavender candle diy;lavender candle making;lavender candles;lavender cuttings;lavender flowers;lavender haze;lavender haze lyrics;lavender haze taylor swift;lavender lyrics;lavender patrick;lavender patrickananda;lavender plant;lavender plants;lavender scented candle;lavender scented tea light candles;lavitate;lavitate (b-cheese remix);lavitate - dayfox & tubebackr;lavitate - imagine dragon lyrics;lavitate bachkaane bacche;lavitate bachkaane bacche official audio;lavitate bachkaane bacche rap song;lavitate dayfox & tubebackr;lavitate lyrics;lavitate new rap song hindi;lesson;lessons;levitate;levitate dema;levitate trench;levitate video;levitating candle;levitating candle experiment;levitating candles;lightwork transcendence;lila downs;luimen cosmetics;luxurycreams;luxurymask;luxuryskincare;lyrics lavender haze;make beautiful candle from;mask;men's fragrance;men's style;model;modell;moistuzier;natural curly styles;natural hairstyles;official levitate;peterthomasroth;pink lavender candle review;planting lavender;prosthetics;prpackage;prunboxing;pruning lavender;quick hairstyles;rc;real men real style;rejection candle;riele downs;riele downs age;riele downs and jace norman;riele downs biography;riele downs boyfriend;riele downs car;riele downs lifestyle;riele downs lifestyle 2021;riele downs net worth;riele downs now;riele downs sister;riele downs tiktok;sds grand cross;sephora sale recommendations;seven deadly sins grand cross;seven deadly sins: grand cross;seven deadly sins: grand cross (android/ios);sheet stay downs;sisley;sisley mask review;sisley red clay mask review;sisley skincare haul;skincare;skincarelover;south downs cycling;south downs mtb;south downs mtb events;south downs way;soy candle;stacey london;stacy london;stacy london smokes;stacy london style;stacy london tv;stacy london vassar;stila cosmetics;style;style candle;style tips;style ups and downs;summer crochet styles;taylor swift lavender haze;the forex candle stick count down;three inside down candle;tie downs;tips for growing lavender;top levitate;trailer;transcend;transcend cosmetics;trixie cosmetics;underwater candle;use of candle sticks;vanilla lavender candle review;video levitate;what is stacy london doing now;when to prune lavender,394,1,2eb7e17008a46627119e3e1be229fb9790a48907f59e675855c395876b4c3644,
2023-06-28,Masks,masks,Glamglow Brightmud Eye Treatment,https://www.downsstyle.com/masks/2023/6/28/glamglow-brightmud-eye-treatment,collection:masks;homepage;sitemap,2023-06-29,200,https://www.downsstyle.com/masks/2023/6/28/glamglow-brightmud-eye-treatment,Chas Downs,bright eye treatment;brightmud eye treatment;eye treatment;glam glow super mud clearing treatment;glamglow;glamglow bright eyes;glamglow brighteyes;glamglow brightmud;glamglow brightmud eye treatment;glamglow brightmud eye treatment demo;glamglow brightmud eye treatment first impressions;glamglow brightmud eye treatment review;glamglow eye;glamglow eye treatment;glamglow mask;glamglow review;glamglow supermud clearing treatment review,571,1,38b51c137b283a5fdc72a914e5b5271c6d964f79c98e73fe9c597e18be98d40e,
2023-06-28,Skincare,skincare,Transcend Cosmetics Luxurious Lavender Rollerball Review,https://www.downsstyle.com/skincare/2023/6/28/transcend-cosmetics-rose-geranium-rollerball-review,collection:skincare;sitemap,2023-06-29,200,https://www.downsstyle.com/skincare/2023/6/28/transcend-cosmetics-rose-geranium-rollerball-review,Chas Downs,#lavender;#lavendero;azooz lavender;benefits of lavender oil;best essential oils;doterra roller bottle recipes;english lavender;essential oil;essential oil blends;essential oil perfume;essential oil recipes;essential oil roll on;essential oil roller ball;essential oil roller bottle;essential oil roller bottles;essential oil rollerball;essential oil rollerball recipes;essential oil rollerballs;essential oil rollers;essential oils;french lavender;grow lavender;growing lavender;how to grow lavender;how to grow lavender outdoors;how to make essential oil rollerball blends;how to make lavender lotion;how to propagate lavender;how to prune lavender;how to use essential oil rollerball;how to use essential oils;how to use lavender oil;james caan rollerball;james caan rollerball scenes;lavender;lavender bath;lavender care;lavender cuttings;lavender essential oil;lavender flowers;lavender fragrance;lavender haze;lavender honey;lavender lyrics;lavender oil;lavender oil benefits;lavender oil for face;lavender oil for hair;lavender oil for skin;lavender patrick;lavender patrickananda;lavender perfume;lavender plant;lavender plants;lavender soap;monthly rollerball;planting lavender;pruning lavender;qué es rollerball;rollberbottle;roller bottle;roller bottle blends;roller bottle labels;roller bottle recipes;roller bottle recipes doterra;roller bottles diy;rollerball;rollerball (1975);rollerball (film);rollerball 1975;rollerball 2002;rollerball album;rollerball and gel pen;rollerball full album;rollerball game;rollerball james caan;rollerball lost in space;rollerball movie;rollerball or gel pen;rollerball pen vs. gel pen;rollerball pens;rollerball remedy;rollerball trailer;rollerball trailer 1975;rollerball vs gel pen;satthwa lavender oil for men;soothing lavender aroma therapy;support breathe rollerball;support lavender and peppermin;support pure lavender essentia;tips for growing lavender;underrated rollerball;uses of lavender oil;when to prune lavender;yardley london lavender luxury soap,406,1,a13ce4744d907b5a43581cd2453fade0adcd1d5f6bd4f139cfc1a69928d9d1af,
2023-06-29,Candles,new-blog,Gourmand Rose Candle Review,https://www.downsstyle.com/new-blog/2023/6/29/gourmand-rose-candle-review,collection:new-blog;homepage;sitemap,2023-06-30,200,https://www.downsstyle.com/new-blog/2023/6/29/gourmand-rose-candle-review,Chas Downs,#cosmetics;bath and body works candles;best luxury candles;candle;candle haul;candle review;candles;candles for men;coffee candles;fall candles;festive gourmand;festive gourmand candle;fragrances;gourmand candles;gourmand scented candle;gourmond candles;grande cosmeticd;homeworx by harry slatkin s/2 (18oz) gourmand candles on qvc;homeworx by harry slatkin set of (2) 18oz gourmand candles on qvc;homeworx by harry slatkin set of 2 18oz. gourmand candles on qvc;it cosmetics;jouer cosmetics;levels of prosthetic makeup;lightwork transcendence;luimen cosmetics;makeup prosthetics;men's cologne;men's fragrance;prosthetic makeup;prosthetic wired;prosthetics;prosthetics tutorial;prosthetics wired;scented candles;stila cosmetics;timeless makeup;transcend cosmetics;trending makeup;trendy vs timeless makeup;trixie cosmetics;wired prosthetics tutorial;women's fragrance;yankee candles,232,1,91421ea549af4cefd7c1e1a2f3a091bc87c5284c2ff5e36182adc093c3c5f345,
2023-06-30,Candles,new-blog,Illuminaria Candle Review,https://www.downsstyle.com/new-blog/2023/6/30/illuminaria-candle-review,collection:new-blog;homepage;sitemap,2023-06-30,200,https://www.downsstyle.com/new-blog/2023/6/30/illuminaria-candle-review,Chas Downs,baies candle thymes;battery operated candle;best candles;best luxury candles;best smelling candles;candle;candle (invention);candle collection;candle decorations;candle luminaries;candle luminary;candle making;candle review;candle shell;candle tunneling;candle wax;candles;candles & scents;flameless candle;flameless candles;flameless candles review;flameless candles reviews;flameless pillar candles;flameless taper candles;fornasetti candle review;fornasetti candles;glass flameless candle;hollow candles;illuminara;illuminaria;lavender candles;led candle;led candles;luminara flameless candles;luminaria;luminary candle;luminary candles;luxury candle review;luxury candles;pumpkin candle;santal 26 candle;scented candle;scented candles;top luxury candles;vanilla candle,287,1,a697be0b97ffa75892bd787c4efeb34a63231b5f04d0c894e89195018d52c7d4,
2023-06-30,Skincare,skincare,Chanel Skincare Review,https://www.downsstyle.com/skincare/2023/6/30/chanel-skincare-review,collection:skincare;sitemap,2023-07-01,200,https://www.downsstyle.com/skincare/2023/6/30/chanel-skincare-review,Chas Downs,beauty secrets;best chanel beauty;best of chanel beauty;chanel;chanel beauty;Chanel beauty;chanel beauty 2020;chanel beauty 2022;chanel beauty haul;chanel beauty review;chanel beauty staples;chanel beauty talks;chanel beauty unboxing;chanel best skincare;chanel hydra beauty review;chanel hydra beauty skincare review;chanel le lift skincare;chanel le lift skincare review;chanel les beiges;chanel makeup;chanel makeup review;chanel makeup tutorial;chanel n1 review;chanel no 1 skincare review;chanel review;chanel serum review;chanel skincare;Chanel skincare;chanel skincare review;chanel sublimage review;chanel toner review;luxury beauty;luxury beauty channel;luxury beauty products worth the money;luxury skincare review;n1 de chanel review;new chanel makeup;new chanel skincare;new chanel skincare review;skincare;skincare review;skincare routine,429,1,27dcff40a18dfab14bee9c792adfc2036838e11cb3a67803fc0fbe5477dea312,
2023-07-01,Candles,new-blog,Boy Smells Candle Review,https://www.downsstyle.com/new-blog/2023/7/1/boy-smells-candle-review,collection:new-blog;homepage;sitemap,2024-06-29,200,https://www.downsstyle.com/new-blog/2023/7/1/boy-smells-candle-review,Chas Downs,#boys meals;#boysmells;#boysmellscandle;boy;boy smell;boy smells;boy smells ash;boy smells candle;boy smells candle review;boy smells candle reviews;boy smells candles;boy smells farm to candle;boy smells farm to candle snap;boy smells first impression;boy smells founder;boy smells hinoki fantome;boy smells hypernature collection;boy smells italian kush review;boy smells kacey musgraves;boy smells kacey musgraves candle;boy smells kush;boy smells kush candle;boy smells neopeche candle;boy smells perfumes;boy smells slow burn;boy smells snap;boy smells st. al candle;boy smells suede pony;boy smells unboxing;boysmell;boysmells;boysmells ash;boysmellsash;burning palo santo;candle;candle review;candles;first smell;founder of boy smells;how boy smells grew;how to burn palo santo;how to light palo santo;how to smell good;how to use palo santo;how to use palo santo stick;how to use palo santo wood;luxury candle review;luxury candles;palo santo;palo santo benefits;palo santo burning sticks;palo santo cleansing;palo santo how to burn;palo santo incense;palo santo incense sticks;palo santo incenses sticks;palo santo ritual;palo santo smudging;palo santo stick;palo santo sticks;palo santo uses;palo santo wood;palo santo wood stick;smell;smell test;smelled;smells,396,1,d36ffbb573162115bc2c62179e7b31e3db9201fce9777c9301cb7948a741873f,
2023-07-06,Masks,masks,Spascriptions Cucumber Hydrogel Under-Eye Pads,https://www.downsstyle.com/masks/2023/7/6/xgdpt8d1ru6dhzdofhmslbtd1786rh,collection:masks;homepage;sitemap,2023-07-07,200,https://www.downsstyle.com/masks/2023/7/6/xgdpt8d1ru6dhzdofhmslbtd1786rh,Chas Downs,,373,1,2cf0e6cb4fec7c5e443e503eaa1ddd360a15868143377bd3e4d662103e469f48,
2023-07-09,Masks,masks,Peace Out Puffy Eyes Review,https://www.downsstyle.com/masks/2023/7/9/peace-out-puffy-eyes-review,collection:masks;homepage;sitemap,2023-07-10,200,https://www.downsstyle.com/masks/2023/7/9/peace-out-puffy-eyes-review,Chas Downs,5prout;acne healing dots;acne solution;acne treatment;aerosmith peace out;aerosmith peace out tour;aerosmith tour announcement;afrobeat;cosmic kids peace out;cosmic kids time out;disappearing;disappearing dude;dr dray puffy eyes;eliminate puffy eyes;face yoga puffy eyes;how to get rid of puffy eyes;how to reduce puffy eyes;how to rid puffy eyes;joe perry;koreandrill;oceanfromtheblue;out;peace;peace out;peace out balloon;peace out disappearing guy;peace out pores;peace out puffy eyes;peace out puffy under-eye patches;peace out retinol eye stick;peace out retinol eye stick review;peace out skin care;peace out skincare;peace out skincare review;peace out time out;peace out tour;peace out tour aerosmith;peace out tour dates;peaceout;puffy eyes;puffy eyes excercise;puffy eyes makeup;puffy eyes remedies;puffy eyes remedy;puffy eyes treatment;puffy under eyes;quick face yoga puffy eyes massage routine;reduce puffy eyes;reduce puffy eyes fast;reduce puffy eyes massage;relaxing videos for autism;review;time out,336,1,b7cfc068b0b0504d9327bfe8d1ce96e97319f49ee203c23f8e33f81612826df1,
2023-07-19,Skincare,skincare,Piel Eterna Review,https://www.downsstyle.com/skincare/2023/7/19/piel-eterna-review,collection:skincare;sitemap,2023-07-20,200,https://www.downsstyle.com/skincare/2023/7/19/piel-eterna-review,Chas Downs,aclarando la piel;aloe vera para la piel;alquimia interna;chamarras de piel;chamarras de piel hombre;cloasma eterna juventud;como rejuvenecer la piel;crema para piel grasa;cremas para la piel;cremas para piel grasa;cuidado de la piel;cómo tener una piel de porcelana;eterna juventud;eterna juventud medical estetic center;eternal secret;eternal secret protector solar;eternal secret serum;juramento eterno;la vida eterna;manchas en la piel;mejoran la piel;mejores chamarras de piel;melasma eterna juventud;paño eterna juventud;piel;piel chaqueña;piel de la cara;piel de porcelana;piel eterna;piel grasa;piel joven;piel luminosa;piel morena;piel perfecta;piel sana;probando eternal secret;productos eternal secret;rejuvenece tu piel;retinol eternal secret;review;skincare eternal secret,276,1,d9e4f6f7bf15d2bcab1222a550d523787549aa5b2596c95527cea6de1a36c160,
2023-07-22,Skincare,skincare,Dr Jart + Skincare Review,https://www.downsstyle.com/skincare/2023/7/22/dr-jart-skincare-review,collection:skincare;sitemap,2023-07-23,200,https://www.downsstyle.com/skincare/2023/7/22/dr-jart-skincare-review,Chas Downs,dr jart;dr jart +;dr jart bb cream;dr jart camo drops;dr jart ceramidin;dr jart ceramidin cream;dr jart ceramidin skincare;dr jart cicapair;dr jart cicapair color correcting;dr jart cicapair cream;dr jart cicapair mask;dr jart cicapair review;dr jart color correcting cream;dr jart dupe;dr jart mask;dr jart prueba;dr jart review;dr jart rubber mask;dr jart sephora;dr jart skincare;dr jart skincare review;dr jart sunscreen;dr jart+;dr. jart;dr. jart+;dr. jart+ skincare;drjart;korean skincare;skincare;skincare products;skincare review;skincare routine;skincare routines;viral skincare,397,1,42619ec2b70eb23d8c0a3f5cf27137c2288ccbb2bb8ec1cda4a657867536f800,
2023-08-02,Skincare,skincare,My favorite Beauty Tools/Machines,https://www.downsstyle.com/skincare/2023/8/2/my-favorite-beauty-toolsmachines,collection:skincare;sitemap,2023-08-03,200,https://www.downsstyle.com/skincare/2023/8/2/my-favorite-beauty-toolsmachines,Chas Downs,2022 beauty favorites;amazon favorites;amazon favorites 2023;april beauty favorites;april clean beauty favorites;april clean beauty favorites 2023;beauty;beauty favorites 2021;beauty favorites 2022;beauty machine;beauty tools;beauty tools for face;beauty tools worth it;best home beauty machines;body machine;buying beauty machines from china;cavitation machine before and after;cavitation machine best;chinese beauty machines;clean beauty favorites;facial beauty machine;favorite;favorite beauty products;favorite beauty products of 2022;favorite beauty tools;favorite clean beauty products;favorites;favourites;hydrafacial machine;importing chinese beauty machines;monthly beauty favorites;monthly clean beauty favorites;monthly favorites;oxygen beauty machine;professional beauty machines;spray machine;super bubber beauty machine;tech beauty tools,229,6,97fdd4fe3caccb0702a09c41e8d4f9485c3a1598b2e02063df6d5263668e2144,
2023-08-04,Look Book,look-book,My favorite shorts for Summer,https://www.downsstyle.com/look-book/2023/8/4/my-favorite-shorts-for-summer,collection:look-book;homepage;sitemap,2024-07-02,200,https://www.downsstyle.com/look-book/2023/8/4/my-favorite-shorts-for-summer,Chas Downs,#shorts;#shorts #trendingshorts #juice;3d art;adam enfroy's blog growth engine;best mens shorts for summer;best shorts for men;best shorts for summer;best summer shorts for men;blog post;blog post elementor;blog post ideas;blog post ideas shorts;blog post tool;blog posts;crafts;funny shorts;homemade activator;homemade borex powder;how to;how to blog;how to make;how to start a blog;how to style shorts;how to write a blog;how to write a blog post;how to write a blog post fast;how to write a blog post for beginners;how to write content for blog posts;how to write perfect blog posts;how to write quality blog posts;howto;humor;kamwali bai short;mens shorts;mesh shorts;new short;one in a million shots;pablo bruschi shorts;short;shorts;shorts break;shorts break channel;shorts comedia;shorts creator;shorts engraçados;shorts feed;shorts for men;shorts for summer;shorts for summer 2023;shorts for the summer;shorts trending;shorts viral;shortsbrasil;shortsbreak;summer;summer fashion;summer shorts;summer shorts 2021;summer shorts 2022;summer shorts 2023;summer shorts for guys;summer shorts haul;summer shorts men;summer shorts outfit;summer shorts women;the best blog post strategy;the best shorts for summer;tordi;tordishorts;tutorial;viral shorts;wordpress blog post seo;youtube shorts,88,6,b6752022478508f4a57c2d99978f98449ff1218944d1eb7285720fe91044aa94,
2023-08-17,Skincare,skincare,Spalife Gold & Silver Serum Review,https://www.downsstyle.com/skincare/2023/8/17/spalife-gold-amp-silver-serum-review,collection:skincare;sitemap,2023-08-17,200,https://www.downsstyle.com/skincare/2023/8/17/spalife-gold-amp-silver-serum-review,Chas Downs,,514,1,bc1b2433bb8d5bcf8467158754410698328655267cde52cb5fe7060f4f18cae4,
2023-10-03,Skincare,skincare,Santa Maria Novella Sulfur Soap,https://www.downsstyle.com/skincare/2023/10/3/santa-maria-novella-sulfur-soap,collection:skincare;sitemap,2023-10-03,200,https://www.downsstyle.com/skincare/2023/10/3/santa-maria-novella-sulfur-soap,Chas Downs,basilica santa maria novella;easy st. santa maria novella;firenze santa maria novella;lana santa maria novella;piazza santa maria novella;santa maria novela;santa maria novella;santa maria novella 4k;santa maria novella chiesa;santa maria novella church;santa maria novella firenze;santa maria novella florence;santa maria novella perfumes;santa maria novella pharmacy;santa maria novella review;santa maria novella tour;santana maria novella,313,1,9b51c700e193aee2c28b90e020de33099416b27bc7229180f7d4e36b0f4c276a,
2023-11-22,Look Book,look-book,Rag and Bone Essentials,https://www.downsstyle.com/look-book/2023/11/22/rag-and-bone-essentials,collection:look-book;homepage;sitemap,2023-11-22,200,https://www.downsstyle.com/look-book/2023/11/22/rag-and-bone-essentials,Chas Downs,ag and bone;blog;bone;bone & rag;bone haul bandit;fashion blog;fashion haul;haul;rag;rag & bone;rag & bone apollo sandal;rag & bone beck;rag & bone bergamot;rag & bone denim;rag & bone denim brand;rag & bone fragrance;rag & bone fragrance review;rag & bone jeans;rag & bone jeans review;rag & bone logan shopper;rag & bone man;rag & bone new york;rag & bone oddity;rag & bone perfume;rag & bone perfume review;rag & bone sandals;rag & bone wyatt;rag and bone;rag and bone denim review;rag and bone fashion designer new york fashion week review;rag and bone fragrance;rag and bone jeans;rag and bone man;rag and bone runway;rag and bone shirt;rag and bone video;rag and bone vinyl pant review;rag bone;rag n bone;rag n bone man;shoe haul;style haul;try on haul;zara haul,147,7,a1d22e1355971d7047db794fc3398a776d80b28ceacab568b593b50a58383b4e,
2023-11-29,Skincare,skincare,Depology Skincare Review,https://www.downsstyle.com/skincare/2023/11/29/depology-skincare-review,collection:skincare;homepage;sitemap,2023-11-29,200,https://www.downsstyle.com/skincare/2023/11/29/depology-skincare-review,Chas Downs,#depology;anti aging skincare;anti aging skincare product;anti-aging skincare;caviar;caviar serum;caviar stick;collagen skincare;deepology;deepology micro dart patches;depology;depology argireline;depology caviar stick;depology deepcare serum infused micro dart patches;depology eye mask review and test;depology eye patches;depology matrixyl 3000;depology micro dart patches;depology patches review;depology peptide complex;depology review;depology serum;depology skincare;depology skincare honest review;depology skincare reviews;dr shah skincare;peptide skincare;peptides in skincare;skincare;skincare 101;skincare ft. depology;skincare hacks;skincare peptides;skincare review;skincare routine;skincare stick;skincare that works;skincare tips;skincare tips and tricks,287,2,8f649eb5bc9a548f86bfcfaa711740649d1a8c3d99adb9359614112f43ffa3f3,
2024-06-24,Skincare,skincare,DōTERRA Sunscreen Review,https://www.downsstyle.com/skincare/2024/6/24/dterra-sunscreen-review,collection:skincare;homepage;sitemap,2024-06-28,200,https://www.downsstyle.com/skincare/2024/6/24/dterra-sunscreen-review,Chas Downs,doterra review;doterra revire;natural skincare;natural sunscreen;sunscreen for all skin types;sunscreen for oily skin;sunscreen for sensitive skin;sunscreen review;sunscreen that is natural;sunscreen with zinc;zinc sunscreen,201,2,4825af99f79b50abf63c4f49e67c6ef001194c6fbce919c580a6a1928ce144d0,
2024-06-27,Look Book,look-book,My Favorite Bathing Suit Brands,https://www.downsstyle.com/look-book/2024/6/27/my-favorite-bathing-suit-brands,collection:look-book;homepage;sitemap,2024-06-27,200,https://www.downsstyle.com/look-book/2024/6/27/my-favorite-bathing-suit-brands,Chas Downs,alexander mcqueen bathing suit;chaz downs;chazz downs;chazzdowns;downs style;downs style bathing suits;downs style look book;downsstyle;fendi bathing suit;fendi bathing suti;versace bathing suit,487,6,0b4a5983c7ae2db76f113b37e292aff52637cb1ff58b2a40f7a548a44fe9b33f,
2024-06-28,Skincare,skincare,Inn Beauty Pimple Paste Review,https://www.downsstyle.com/skincare/2024/6/28/inn-beauty-pimple-cream-review,collection:skincare;homepage;sitemap,2024-06-29,200,https://www.downsstyle.com/skincare/2024/6/28/inn-beauty-pimple-cream-review,Chas Downs,inn beauty;inn beauty pimple paste;inn beauty pimple paste review;inn beauty review;pimple cream;pimple cream review;pimple paste;pimple paste review,108,2,f25d491e57211d42afef902087b7adcb5d324536c7cb0bb184ea991f02ec345a,
2024-06-29,Skincare,skincare,Tom Ford Shimmering Body Oil Review,https://www.downsstyle.com/skincare/2024/6/29/tom-ford-shimmering-body-oil-review,collection:skincare;homepage;sitemap,2024-06-30,200,https://www.downsstyle.com/skincare/2024/6/29/tom-ford-shimmering-body-oil-review,Chas Downs,tom ford;tom ford beauty;tom ford parfum;tom ford parfum review;tom ford perfume;tom ford perfume review;tom ford shimmering body oil.;tom ford skincare;tom ford soleil blanc;tom ford soleil blanc review;tom ford soleil blanc shimmering body oil;tom ford soleil blanc shimmering body oil review,175,2,56b3e84ee634fc5d83110855657bc2bcb0cdde99dc124fc95b606f74d60cd69c,
2024-06-30,Eat,new-blog-2,Why I switched from Milk to Oat Malk,https://www.downsstyle.com/new-blog-2/2024/6/30/why-i-switched-from-milk-to-oat-malk,collection:new-blog-2;sitemap,2024-07-01,200,https://www.downsstyle.com/new-blog-2/2024/6/30/why-i-switched-from-milk-to-oat-malk,Chas Downs,malk organics;malk organics oat malk review;malk organics review;oat malk ice cream;oat malk review,387,3,419af36f9f690c6a6d69a46f93665fe6fea43a6c73508bc8c39973e3088fd4ac,
2024-06-30,Skincare,skincare,Honest Beauty Skincare Review,https://www.downsstyle.com/skincare/2024/6/29/honest-beauty-skincare-review,collection:skincare;homepage;sitemap,2024-06-30,200,https://www.downsstyle.com/skincare/2024/6/29/honest-beauty-skincare-review,Chas Downs,downs style skincare review;honest beauty;honest beauty vitamin c review;honest skincare;honesty beauty review;skincare review;vitamin c review,346,2,d9268f2ec2dc1bcb7a838231d505307a0e0c1ac4356eb30a48aa43a1490eced1,
2024-07-01,Look Book,look-book,Why I Only Wear Linen in the Summer,https://www.downsstyle.com/look-book/2024/7/1/why-i-only-wear-linen-in-the-summer,collection:look-book;homepage;sitemap,2024-07-02,200,https://www.downsstyle.com/look-book/2024/7/1/why-i-only-wear-linen-in-the-summer,Chas Downs,best linen shirt brands;linen shirt brands;linen shirt review;linen shirts by onia;onia linen;onia linen review,174,6,5a1344987e93bc9f2aa0390275af42eb7e53fb4972c7f8c8cd233b514f61706a,
2024-07-02,Eat,new-blog-2,Meal Prep 101: How to Get Started and Stay Organized,https://www.downsstyle.com/new-blog-2/2024/7/2/meal-prep-101-how-to-get-started-and-stay-organized,collection:new-blog-2;sitemap,2024-07-04,200,https://www.downsstyle.com/new-blog-2/2024/7/2/meal-prep-101-how-to-get-started-and-stay-organized,Chas Downs,how to save money meal prepping;meal prep;meal prep ideas;meal prep review;meal prep salad,313,2,df0de49d2b522ff1c719375a345935eec6cd4df06a206ad2c3f4bcc111bc2e64,
2024-07-02,Eat,new-blog-2,Snack Cravings? Try these Vegan Snacks Out,https://www.downsstyle.com/new-blog-2/2024/7/2/snack-cravings-try-these-vegan-snacks-out,collection:new-blog-2;sitemap,2024-07-04,200,https://www.downsstyle.com/new-blog-2/2024/7/2/snack-cravings-try-these-vegan-snacks-out,Chas Downs,healthy snacks;oatly ice cream review;vegan snacks;vegan snacks review,396,8,05f23290987afee73b74d37bf5ff55e7a9a6581999a3ed0651fefcad4f3de46f,
2024-07-02,Workouts/Diet,workoutsdiet,My favorite Weight-Free Core Exercise,https://www.downsstyle.com/workoutsdiet/2024/7/2/my-ab-workout,collection:workoutsdiet;sitemap,2024-07-03,200,https://www.downsstyle.com/workoutsdiet/2024/7/2/my-ab-workout,Chas Downs,how to workout;how to workout abs;working out routine;workout regimen;workoutroutine,154,1,f1908ed8f82f3e814cddd69f8e65c5c1d68beb3f6221bbf68ec33e4006d7494d,
2024-07-03,Gift Inspo,gifts,Celebrate Independence Day with Incredible Sales: Perfect Gifts for Your Loved Ones,https://www.downsstyle.com/gifts/2024/7/3/celebrate-independence-day-with-incredible-sales-perfect-gifts-for-your-loved-ones,collection:gifts;sitemap,2026-08-01,200,https://www.downsstyle.com/gifts/2024/7/3/celebrate-independence-day-with-incredible-sales-perfect-gifts-for-your-loved-ones,Chas Downs,,655,9,77bd55110ca688e6ae408f92eee18354c00045d37ddc358d59606825e1c542d5,
2024-07-04,Look Book,look-book,How I Score Designer Clothing at Affordable Prices,https://www.downsstyle.com/look-book/2024/7/4/how-i-score-designer-clothing-at-affordable-prices,collection:look-book;homepage;sitemap,2024-07-04,200,https://www.downsstyle.com/look-book/2024/7/4/how-i-score-designer-clothing-at-affordable-prices,Chas Downs,,302,2,3242fed3cb65a98c9b392702b23cf6ed6806673ef78c8f42716927bf518688fb,
2024-07-04,Masks,masks,Burts Bees Renewing Sheet Mask Review,https://www.downsstyle.com/masks/2024/7/4/burts-bees-calming-sheet-mask-review,collection:masks;homepage;sitemap,2024-07-04,200,https://www.downsstyle.com/masks/2024/7/4/burts-bees-calming-sheet-mask-review,Chas Downs,Burts bee's;Burts bees;Burts bees mask;Burts bees mask review;burts bees revew;Burts bees review;dry skin mask review;mask review;masks for dry skin;masks for oily skin,332,2,e0f4eb54d13d38d69d6aefececa6a6e7b483a7b158e9af53d8366a2d9048f75f,
2024-07-04,Skincare,skincare,Ligne St. Barth Vanilla Body Lotion,https://www.downsstyle.com/skincare/2024/7/4/st-barth-vanilla-body-lotion,collection:skincare;homepage;sitemap,2024-07-05,200,https://www.downsstyle.com/skincare/2024/7/4/st-barth-vanilla-body-lotion,Chas Downs,st Barths;st barths products;st barths vanilla body lotion,238,2,88de176b4e38e02bff6180e709ce24e3ae500bc22b9affe63313dcda4ee11717,
2024-07-05,Look Book,look-book,How to Dress for Your Body Type,https://www.downsstyle.com/look-book/2024/7/5/how-to-dress-for-your-body-type,collection:look-book;homepage;sitemap,2024-07-06,200,https://www.downsstyle.com/look-book/2024/7/5/how-to-dress-for-your-body-type,Chas Downs,,568,3,0c278cd3eefdc7c77d5c46c7e0c3686c619ec723445f77d6b7ec5f234145816c,
2024-07-06,Skincare,skincare,Kopari Golden Aura Body Oil Review,https://www.downsstyle.com/skincare/2024/7/5/kopari-golden-aura-body-oil-review,collection:skincare;homepage;sitemap,2024-07-06,200,https://www.downsstyle.com/skincare/2024/7/5/kopari-golden-aura-body-oil-review,Chas Downs,,136,2,7b28ef34e0c18c65c8bd5700f78bc43d33a20c31fe050024e1b47ec7a8209991,
2024-07-08,Skincare,skincare,Biossance Skincare Review,https://www.downsstyle.com/skincare/2024/7/8/biossance-skincare-review,collection:skincare;homepage;sitemap,2024-07-08,200,https://www.downsstyle.com/skincare/2024/7/8/biossance-skincare-review,Chas Downs,biossance;biossance review;biossance skincare review;is biossance a clean brand;is biossance clean;is biossance good,336,2,95a90387e9f37e00795c252f0dd2ab5e63746d6abd49b8c5bc68462e56c77a59,
2024-07-13,Eat,new-blog-2,"Organic Meal Kits: The Solution to Quick, Healthy, and Delicious Meals",https://www.downsstyle.com/new-blog-2/2024/7/13/organic-meal-kits-the-solution-to-quick-healthy-and-delicious-meals,collection:new-blog-2;sitemap,2024-07-14,200,https://www.downsstyle.com/new-blog-2/2024/7/13/organic-meal-kits-the-solution-to-quick-healthy-and-delicious-meals,Chas Downs,best meal kits;meal kits;organic meal kits,364,3,ef0480bd988e53098ff4756ec16c211b9487ad74a3a760ddac310d14a8a32973,
2024-07-15,Travel,travel,Best Credit Cards for Travel,https://www.downsstyle.com/travel/2024/7/15/tx3qv98wj0dtow7f17pbrz8yuyl0b7,collection:travel;sitemap,2024-07-16,200,https://www.downsstyle.com/travel/2024/7/15/tx3qv98wj0dtow7f17pbrz8yuyl0b7,Chas Downs,Best Credit Cards for Travel;best travel cards;travel cards;travel cards for cash back;travel cards for points;travel credit cards,548,4,ec1dd0248d2bf66cab1757b3ea72fa97bf10e3914bb925832c7280fba6edf898,
2024-07-17,Look Book,look-book,Elevate Your Style: Discover 10 Sustainable Fashion Brands That Are Changing the Game!,https://www.downsstyle.com/look-book/2024/7/16/elevate-your-style-discover-10-sustainable-fashion-brands-that-are-changing-the-game,collection:look-book;homepage;sitemap,2024-07-18,200,https://www.downsstyle.com/look-book/2024/7/16/elevate-your-style-discover-10-sustainable-fashion-brands-that-are-changing-the-game,Chas Downs,clean brands in fashion;eco friendly fashion brands;sustainable brands,247,10,80a12ae0e8a0fd7ef5e46174507521e5ce6e8fea137b74e72f6ec6e3871fe662,
2024-07-21,Travel,travel,Discover eco-friendly travel spots for the upcoming year,https://www.downsstyle.com/travel/2024/7/19/to4fztwwiq3s6bqnizcrswuhrz5wrv,collection:travel;sitemap,2024-07-21,200,https://www.downsstyle.com/travel/2024/7/19/to4fztwwiq3s6bqnizcrswuhrz5wrv,Chas Downs,,546,2,c71f147a06ce2aa93d3abfcf80e4f94bcda3a281cb91318c6f79483f9b56d152,
2024-07-25,Look Book,look-book,Why the quality of your clothes has changed in the last 20 years,https://www.downsstyle.com/look-book/2024/7/24/uwy46xpteq1xpy5hmnav5dtyv0dl6k,collection:look-book;homepage;sitemap,2024-08-30,200,https://www.downsstyle.com/look-book/2024/7/24/uwy46xpteq1xpy5hmnav5dtyv0dl6k,Chas Downs,,994,1,3d3a143b78ba6e341be50ecc7a192a4bb1e8996ffd3a07b49aa9637c2fd098fd,
2024-08-05,Candles,new-blog,Alternatives to Scented Candles for Home Fragrance,https://www.downsstyle.com/new-blog/2024/8/5/wrj3wxvoryz1gbpy79jysuiuey4mk1,collection:new-blog;homepage;sitemap,2024-08-06,200,https://www.downsstyle.com/new-blog/2024/8/5/wrj3wxvoryz1gbpy79jysuiuey4mk1,Chas Downs,alternatives to candles;candle alternative;home fragrance;home fragrances;home spray,364,7,cf22d5ac3d974eda0efa7e231f6b34189f6db52003a2945e06b019cc1f2181a1,
2024-08-30,Skincare,skincare,Youth TO The People Superfood Body Cleanser Review,https://www.downsstyle.com/skincare/2024/8/29/youth-to-the-people-superfood-cleanser-review,collection:skincare;homepage;sitemap,2024-08-30,200,https://www.downsstyle.com/skincare/2024/8/29/youth-to-the-people-superfood-cleanser-review,Chas Downs,youth to the people review;youth to the people superfood + nicinamide cleanser;youth to the people superfood cleanser review,397,2,766fa79119899483c39c4c61061b54fd8e47c4fc19b7283c67ba73b42ddc9a46,
2026-08-02,Skincare,skincare,Rose Water and the benefits behind our favorite flower,https://www.downsstyle.com/skincare/2026/8/1/rose-toners-and-the-benefits-behind-our-favorite-scent,collection:skincare;homepage,,200,https://www.downsstyle.com/skincare/2026/8/1/rose-toners-and-the-benefits-behind-our-favorite-scent,Chas Downs,,724,7,f6b16b9f54c9922463017e89c74e7aa2a14ee645c4990b3fccde83c9fb44ba1a,
